temperature,vent,humidite,ferie,jour_semaine,production_solaire,production_eolienne
11.0,3.42,81.2,0,1,0.0,162.8
10.0,5.07,84.5,0,1,0.0,206.9
10.0,4.32,81.7,0,1,0.0,167.8
10.9,4.29,81.3,0,1,0.0,170.3
16.4,4.86,77.1,0,1,0.0,191.6
15.4,4.21,75.3,0,1,0.0,179.6
15.8,5.71,67.4,0,1,12.3,203.4
19.2,2.95,52.2,0,1,127.5,156.5
20.3,3.32,44.7,0,1,218.1,173.6
22.6,1.72,50.8,0,1,308.0,133.9
25.1,2.56,36.6,0,1,394.7,156.0
22.8,1.11,29.6,0,1,446.9,128.0
23.9,1.1,35.9,0,1,455.4,129.6
23.7,0.82,20.0,0,1,436.0,105.0
23.2,0.5,28.5,0,1,411.9,95.8
20.3,0.5,37.3,0,1,310.3,106.1
20.7,0.5,28.4,0,1,219.1,86.4
19.4,0.5,37.4,0,1,95.2,96.8
16.3,0.5,41.4,0,1,28.3,102.7
15.7,0.5,35.1,0,1,0.0,101.6
18.4,0.5,57.1,0,1,0.0,89.3
14.3,1.67,67.0,0,1,0.0,140.9
10.0,2.35,82.8,0,1,0.0,136.1
10.4,2.47,61.8,0,1,0.0,133.8
10.9,2.95,87.5,0,2,0.0,151.6
11.9,3.38,80.7,0,2,0.0,148.3
11.3,4.75,85.5,0,2,0.0,181.4
13.1,5.08,80.9,0,2,0.0,194.9
14.0,5.18,71.7,0,2,0.0,208.6
12.8,5.29,65.9,0,2,0.0,218.0
15.4,5.18,70.4,0,2,28.5,201.4
17.3,3.59,55.8,0,2,121.6,171.7
22.2,3.51,65.2,0,2,265.8,173.4
20.2,2.13,51.9,0,2,328.9,141.7
22.9,1.49,31.9,0,2,402.6,125.0
21.3,1.33,40.0,0,2,437.0,119.8
21.7,0.71,37.3,0,2,465.8,91.9
21.9,0.5,34.4,0,2,492.5,106.7
25.3,0.5,34.6,0,2,401.1,93.3
21.5,0.5,31.4,0,2,290.2,107.9
17.3,0.5,41.0,0,2,208.8,93.8
20.2,0.5,38.8,0,2,106.7,122.4
18.3,0.5,43.8,0,2,12.8,93.1
15.0,0.5,54.6,0,2,0.0,97.7
12.6,0.5,67.4,0,2,0.0,88.4
13.9,2.5,68.7,0,2,0.0,140.1
13.5,1.58,70.6,0,2,0.0,115.4
10.1,0.83,65.5,0,2,0.0,95.8
13.3,2.64,73.6,0,3,0.0,162.5
10.0,4.82,79.2,0,3,0.0,200.6
11.3,4.24,80.5,0,3,0.0,184.4
13.4,5.85,70.5,0,3,0.0,199.2
13.2,5.35,78.6,0,3,0.0,205.7
14.2,4.54,78.6,0,3,0.0,183.0
18.8,4.78,73.2,0,3,0.0,189.6
20.3,4.49,61.3,0,3,135.6,182.8
21.6,3.38,53.5,0,3,237.4,172.5
24.6,2.79,53.3,0,3,323.1,150.1
23.3,2.36,36.8,0,3,374.6,129.7
26.1,1.7,41.7,0,3,434.5,118.4
24.2,0.5,40.2,0,3,437.6,97.8
24.6,0.5,25.1,0,3,438.3,95.9
22.1,0.5,20.0,0,3,378.9,98.9
22.6,0.5,36.9,0,3,317.9,91.0
20.5,0.5,35.6,0,3,232.8,116.3
18.6,0.5,42.2,0,3,119.8,101.1
17.2,0.5,42.7,0,3,21.8,110.6
19.5,0.5,54.6,0,3,0.0,122.9
11.9,0.5,50.8,0,3,0.0,95.7
10.5,1.31,63.9,0,3,0.0,128.4
10.0,1.46,70.9,0,3,0.0,140.5
12.6,2.49,60.7,0,3,0.0,143.7
12.5,2.54,72.5,0,4,0.0,146.4
10.0,4.5,71.7,0,4,0.0,190.1
12.0,5.03,72.1,0,4,0.0,213.3
12.7,4.45,90.0,0,4,0.0,199.7
13.6,6.24,88.9,0,4,0.0,236.9
16.5,5.72,65.9,0,4,0.0,226.4
13.5,3.89,53.2,0,4,10.8,190.6
19.0,5.1,51.8,0,4,115.6,206.0
20.4,2.26,54.4,0,4,235.0,143.4
20.1,2.47,41.1,0,4,332.5,134.4
24.1,1.68,36.9,0,4,374.2,121.5
21.4,2.4,37.6,0,4,437.9,141.7
23.6,0.87,38.7,0,4,441.4,106.4
19.2,0.5,40.4,0,4,430.9,106.8
23.7,1.25,37.8,0,4,375.4,101.4
22.4,0.5,20.9,0,4,302.0,117.9
22.3,0.5,43.7,0,4,212.1,116.2
19.9,0.5,36.0,0,4,95.7,110.3
20.8,0.5,46.4,0,4,0.0,95.1
13.5,0.5,42.7,0,4,0.0,100.5
13.0,0.5,51.0,0,4,0.0,106.0
10.1,1.28,66.7,0,4,0.0,123.7
10.0,2.34,62.2,0,4,0.0,125.3
10.3,2.93,66.3,0,4,0.0,137.9
10.0,2.77,72.1,0,5,0.0,142.4
10.0,4.73,75.1,0,5,0.0,182.7
12.0,5.46,62.7,0,5,0.0,216.0
11.6,5.12,74.9,0,5,0.0,201.1
15.8,5.15,79.0,0,5,0.0,198.5
14.3,5.13,69.7,0,5,0.0,223.7
18.7,4.4,75.9,0,5,0.0,176.8
15.1,3.91,61.6,0,5,121.4,173.8
22.2,2.17,56.6,0,5,202.8,149.3
22.6,2.53,53.0,0,5,320.9,148.1
22.1,1.49,48.3,0,5,390.8,118.0
24.7,1.42,44.6,0,5,430.6,111.5
23.1,0.73,38.6,0,5,463.0,119.5
24.6,1.0,25.4,0,5,408.0,127.1
24.4,0.5,32.0,0,5,426.4,102.3
22.2,0.5,34.2,0,5,306.3,105.7
24.3,0.5,44.5,0,5,210.2,99.7
18.9,0.5,25.5,0,5,114.1,96.7
15.0,0.5,48.3,0,5,0.0,88.0
14.5,0.88,46.7,0,5,0.0,106.9
13.0,0.5,54.6,0,5,0.0,108.0
15.7,1.9,59.6,0,5,0.0,157.5
11.1,2.01,67.3,0,5,0.0,132.7
10.0,2.45,72.4,0,5,0.0,136.7
10.2,3.35,87.2,1,6,0.0,174.5
12.7,2.88,76.7,1,6,0.0,139.2
10.0,3.93,92.3,1,6,0.0,189.2
13.5,4.22,75.5,1,6,0.0,170.6
14.9,4.86,74.0,1,6,0.0,201.3
14.5,5.59,65.1,1,6,0.0,219.0
16.4,4.79,58.7,1,6,0.0,190.2
20.9,3.7,51.6,1,6,125.6,158.6
24.0,2.25,66.9,1,6,223.5,134.1
22.7,2.75,56.3,1,6,320.5,146.9
22.9,2.18,30.5,1,6,400.9,139.8
23.4,1.23,39.8,1,6,423.0,119.1
22.0,0.74,21.4,1,6,457.1,108.9
25.7,0.88,38.0,1,6,415.5,103.1
23.1,0.5,24.9,1,6,378.4,94.9
19.1,0.5,21.4,1,6,334.0,91.5
25.8,0.5,34.6,1,6,235.5,95.2
19.1,0.64,36.6,1,6,105.9,103.7
20.5,0.5,55.2,1,6,0.0,107.3
17.1,0.5,37.5,1,6,0.0,98.5
13.4,0.87,56.2,1,6,0.0,113.0
13.3,1.56,69.0,1,6,0.0,128.9
10.8,1.0,70.5,1,6,0.0,114.8
10.0,2.13,80.0,1,6,0.0,143.6
10.1,3.52,83.2,1,7,0.0,168.4
10.0,3.86,77.0,1,7,0.0,170.1
13.4,4.06,78.7,1,7,0.0,193.8
12.4,5.52,68.7,1,7,0.0,220.3
13.7,5.64,73.0,1,7,0.0,237.1
14.5,4.63,82.9,1,7,0.0,186.6
16.2,4.43,58.1,1,7,0.0,179.8
18.7,4.26,72.3,1,7,131.2,181.6
20.4,3.9,47.1,1,7,227.5,180.8
22.5,4.25,44.1,1,7,308.9,177.9
21.8,2.71,52.4,1,7,377.2,154.4
22.7,1.6,38.7,1,7,457.9,143.2
22.8,0.5,35.4,1,7,459.9,121.1
23.4,0.5,21.2,1,7,434.2,118.9
22.0,0.5,29.9,1,7,427.6,95.7
21.0,0.5,35.6,1,7,327.0,97.4
21.7,0.5,39.1,1,7,241.0,112.7
21.6,0.5,36.2,1,7,134.6,92.8
17.7,0.5,42.7,1,7,2.9,101.5
12.5,0.5,53.0,1,7,0.0,97.9
13.9,0.65,66.0,1,7,0.0,107.1
13.3,1.34,58.3,1,7,0.0,130.1
10.0,2.08,62.6,1,7,0.0,120.5
10.0,3.0,83.6,1,7,0.0,150.5
13.8,2.63,61.3,0,1,0.0,142.9
10.0,4.55,80.9,0,1,0.0,177.2
12.7,4.99,79.3,0,1,0.0,189.0
10.0,4.48,78.8,0,1,0.0,186.2
14.2,4.25,86.8,0,1,0.0,194.7
15.9,5.17,76.7,0,1,0.0,210.2
19.7,4.72,72.5,0,1,21.6,187.0
22.4,4.1,51.5,0,1,106.3,188.5
19.2,3.23,41.8,0,1,188.6,145.3
23.5,3.25,51.5,0,1,317.5,161.4
20.7,2.9,48.6,0,1,390.1,155.9
19.7,1.08,32.5,0,1,430.5,131.6
25.3,0.5,37.4,0,1,463.9,101.6
22.5,0.5,33.6,0,1,444.2,111.5
22.0,0.5,31.4,0,1,379.4,118.4
22.3,0.5,27.5,0,1,324.6,106.2
19.4,0.5,48.3,0,1,231.5,101.4
19.1,0.5,30.2,0,1,91.4,105.0
18.3,0.5,53.5,0,1,0.0,103.2
17.3,0.89,45.3,0,1,0.0,109.2
13.2,1.03,59.6,0,1,0.0,127.4
14.8,0.85,64.2,0,1,0.0,111.3
10.0,1.6,67.3,0,1,0.0,130.6
10.0,3.24,52.7,0,1,0.0,143.9
10.0,2.83,67.6,0,2,0.0,147.5
10.9,4.09,82.5,0,2,0.0,167.2
12.9,4.3,69.1,0,2,0.0,199.6
13.8,4.69,76.7,0,2,0.0,213.9
14.3,5.26,83.9,0,2,0.0,203.1
14.8,4.85,72.4,0,2,0.0,197.3
18.5,4.55,68.1,0,2,13.7,193.6
20.8,2.38,76.1,0,2,133.1,132.0
21.7,2.87,50.6,0,2,222.1,155.3
23.7,3.07,49.6,0,2,354.2,157.0
23.5,2.63,50.2,0,2,399.3,136.4
27.0,0.54,39.4,0,2,433.7,105.1
24.6,0.75,44.6,0,2,446.3,116.2
26.1,0.5,35.0,0,2,430.2,114.8
22.8,0.5,28.8,0,2,373.3,86.6
25.1,0.5,23.9,0,2,308.6,87.8
23.8,0.5,28.5,0,2,239.7,97.8
13.8,0.5,27.6,0,2,131.8,125.4
19.8,0.5,46.7,0,2,11.4,103.8
15.4,0.5,43.3,0,2,0.0,84.1
13.3,0.5,47.3,0,2,0.0,114.9
13.9,0.5,54.5,0,2,0.0,91.2
10.5,2.33,60.7,0,2,0.0,127.9
10.0,2.97,61.5,0,2,0.0,155.1
11.1,3.63,86.2,1,3,0.0,165.7
10.5,4.45,79.5,1,3,0.0,180.8
10.0,3.76,92.2,1,3,0.0,165.7
10.6,5.43,77.1,1,3,0.0,202.8
14.1,4.5,91.7,1,3,0.0,192.1
16.5,5.15,71.4,1,3,0.0,203.7
16.7,5.18,83.0,1,3,0.0,203.0
24.0,3.64,72.9,1,3,108.2,175.8
23.8,3.27,53.6,1,3,209.8,155.5
19.5,2.8,43.1,1,3,294.9,154.8
24.7,0.8,45.1,1,3,371.6,124.4
24.6,0.8,36.9,1,3,435.8,113.0
22.2,0.6,23.5,1,3,436.4,95.9
26.2,0.53,35.1,1,3,429.9,113.9
23.3,0.79,32.8,1,3,385.1,108.8
21.6,0.5,37.5,1,3,298.2,82.6
21.5,0.5,20.0,1,3,262.4,100.9
20.5,0.5,36.6,1,3,112.1,103.7
17.6,0.5,49.4,1,3,0.0,106.4
13.4,0.5,48.5,1,3,0.0,105.7
13.4,0.99,64.7,1,3,0.0,111.9
10.0,0.58,59.3,1,3,0.0,101.0
11.1,2.32,67.0,1,3,0.0,141.6
10.0,2.21,71.7,1,3,0.0,144.7
13.1,4.23,75.2,0,4,0.0,184.6
10.0,3.75,77.0,0,4,0.0,174.3
11.3,4.6,83.1,0,4,0.0,200.7
10.0,3.37,85.7,0,4,0.0,161.8
11.2,3.92,80.4,0,4,0.0,170.4
10.0,4.57,75.4,0,4,0.0,192.4
17.0,4.95,68.3,0,4,17.9,197.2
18.8,3.56,58.4,0,4,113.9,185.5
17.8,2.53,65.3,0,4,215.0,156.1
20.7,3.87,53.3,0,4,350.6,169.1
24.5,2.18,51.6,0,4,390.2,130.4
24.7,0.82,51.4,0,4,429.2,109.8
21.3,0.5,41.8,0,4,434.3,106.4
26.1,0.5,37.8,0,4,413.3,116.0
22.4,0.5,39.3,0,4,396.5,122.7
20.7,0.5,31.3,0,4,341.1,106.1
21.6,0.5,30.8,0,4,209.3,81.3
22.9,0.5,35.8,0,4,121.1,109.2
18.7,0.5,41.3,0,4,0.0,117.1
16.2,0.5,53.2,0,4,0.0,102.8
10.9,0.74,50.4,0,4,0.0,112.1
14.5,1.24,63.6,0,4,0.0,119.6
16.1,2.34,55.2,0,4,0.0,145.3
12.8,3.18,71.7,0,4,0.0,157.9
10.0,3.15,80.8,0,5,0.0,163.3
10.0,4.39,87.5,0,5,0.0,185.2
11.0,4.13,84.5,0,5,0.0,185.0
10.3,4.64,84.2,0,5,0.0,209.2
12.7,5.13,83.2,0,5,0.0,185.4
12.1,5.66,68.8,0,5,0.0,208.8
17.4,5.52,81.5,0,5,18.1,221.8
20.0,4.59,57.6,0,5,116.4,189.2
19.6,3.92,61.7,0,5,247.2,164.8
21.6,2.35,35.5,0,5,316.4,156.8
24.3,1.39,55.5,0,5,398.4,118.2
21.8,1.0,44.9,0,5,457.8,107.1
21.8,0.58,21.0,0,5,447.8,98.2
20.6,0.5,27.1,0,5,391.6,100.7
26.6,0.5,26.8,0,5,396.7,91.0
22.6,0.5,39.4,0,5,315.1,92.2
18.8,0.5,35.9,0,5,213.0,115.9
18.3,0.5,32.1,0,5,129.7,108.4
16.4,0.5,46.1,0,5,0.0,108.9
12.7,0.5,39.0,0,5,0.0,100.6
10.3,1.2,49.9,0,5,0.0,118.4
14.3,0.61,61.9,0,5,0.0,110.4
11.3,1.78,61.7,0,5,0.0,118.4
10.0,3.04,79.0,0,5,0.0,146.7
11.2,4.73,76.8,1,6,0.0,192.3
13.0,3.73,73.6,1,6,0.0,162.6
11.2,5.57,82.3,1,6,0.0,209.7
10.0,5.43,78.6,1,6,0.0,241.3
14.1,4.55,73.7,1,6,0.0,191.2
12.3,5.45,68.0,1,6,0.0,220.7
16.1,5.37,68.0,1,6,7.3,199.6
17.5,4.74,59.1,1,6,102.1,198.5
24.6,2.86,55.2,1,6,223.8,157.4
19.8,3.03,47.2,1,6,336.0,182.6
24.2,2.2,43.9,1,6,394.8,135.3
24.1,2.01,30.3,1,6,454.4,133.1
19.8,0.5,42.4,1,6,435.0,96.0
25.4,0.5,29.2,1,6,428.8,91.8
26.3,0.5,38.5,1,6,404.7,96.7
22.8,0.5,24.5,1,6,300.5,112.9
19.6,0.5,35.3,1,6,233.8,96.3
20.6,0.5,38.2,1,6,101.5,94.2
18.0,0.5,45.0,1,6,9.5,112.1
16.0,0.5,53.2,1,6,0.0,99.7
11.6,1.16,54.2,1,6,0.0,124.1
11.0,1.17,63.8,1,6,0.0,122.8
10.1,2.31,65.7,1,6,0.0,146.9
10.0,3.43,68.9,1,6,0.0,169.1
13.7,3.37,74.2,1,7,0.0,161.0
11.8,3.15,71.8,1,7,0.0,168.8
14.4,4.54,78.8,1,7,0.0,201.4
10.2,5.04,86.0,1,7,0.0,202.8
15.5,3.38,81.4,1,7,0.0,146.0
16.2,5.72,71.7,1,7,0.0,232.0
19.6,5.58,72.7,1,7,0.0,210.3
17.1,5.42,60.2,1,7,124.7,209.8
23.9,3.13,56.4,1,7,205.2,152.7
21.9,2.52,43.7,1,7,317.0,130.4
24.6,2.05,32.3,1,7,378.4,138.3
26.4,0.5,38.1,1,7,444.7,103.1
22.5,0.5,27.8,1,7,450.3,120.0
23.6,0.5,20.3,1,7,410.9,103.7
24.1,0.5,36.3,1,7,391.9,117.1
23.7,0.5,24.6,1,7,307.4,98.9
18.5,0.5,33.9,1,7,215.2,102.7
19.7,0.5,47.2,1,7,116.8,108.1
17.5,0.5,44.5,1,7,5.4,89.6
15.4,0.5,47.1,1,7,0.0,82.2
12.4,0.56,56.1,1,7,0.0,114.9
10.3,1.81,64.5,1,7,0.0,147.5
10.0,2.55,74.5,1,7,0.0,160.1
10.0,2.95,74.5,1,7,0.0,163.0
11.6,2.45,85.8,0,1,0.0,154.2
12.5,3.47,76.3,0,1,0.0,164.1
10.3,5.07,89.2,0,1,0.0,195.8
11.6,3.89,73.5,0,1,0.0,191.7
11.0,4.64,76.5,0,1,0.0,184.1
16.0,4.61,72.6,0,1,0.0,191.6
16.1,4.53,66.9,0,1,0.0,205.7
19.9,3.94,66.3,0,1,134.1,180.5
20.3,3.77,44.0,0,1,207.1,174.3
25.4,4.12,53.0,0,1,291.2,175.1
21.5,1.63,41.3,0,1,360.0,133.3
21.6,1.37,51.8,0,1,396.7,117.2
26.2,1.68,24.7,0,1,443.0,125.8
29.1,0.5,32.6,0,1,451.0,102.0
23.7,0.5,31.9,0,1,399.0,97.3
22.7,0.5,38.7,0,1,291.6,113.6
18.7,0.5,29.2,0,1,193.0,132.4
20.9,0.5,36.9,0,1,124.3,107.5
18.1,0.5,41.1,0,1,0.0,112.3
16.4,0.5,53.1,0,1,0.0,100.8
12.7,1.17,61.6,0,1,0.0,119.9
10.1,0.5,57.1,0,1,0.0,110.5
12.0,2.44,71.1,0,1,0.0,147.9
11.8,3.23,81.0,0,1,0.0,164.6
12.1,3.48,70.5,0,2,0.0,159.2
10.0,4.03,73.6,0,2,0.0,159.8
11.4,4.6,74.3,0,2,0.0,200.5
10.0,4.44,73.8,0,2,0.0,196.0
13.1,4.84,62.6,0,2,0.0,184.1
15.3,5.06,82.2,0,2,0.0,171.2
17.4,5.68,76.2,0,2,0.0,223.0
16.9,4.41,65.0,0,2,157.9,190.9
19.5,3.48,42.6,0,2,218.9,161.4
22.3,2.28,56.4,0,2,318.1,136.9
23.4,2.5,36.4,0,2,385.2,131.4
22.1,0.94,43.4,0,2,437.6,119.1
23.7,0.73,32.6,0,2,441.3,81.8
23.5,0.73,37.3,0,2,453.2,107.0
23.5,0.5,27.8,0,2,407.8,99.6
21.0,0.5,35.1,0,2,283.8,95.5
18.1,0.5,32.3,0,2,246.8,104.3
19.4,0.5,29.4,0,2,115.3,107.7
14.9,0.5,48.2,0,2,0.0,92.3
17.4,0.5,60.0,0,2,0.0,107.4
12.8,0.86,51.2,0,2,0.0,109.4
10.0,1.67,57.9,0,2,0.0,116.8
10.0,1.89,84.4,0,2,0.0,131.3
10.0,2.79,76.5,0,2,0.0,162.5
11.4,3.93,79.7,0,3,0.0,183.2
11.4,3.91,75.1,0,3,0.0,191.5
10.0,3.72,81.2,0,3,0.0,173.5
12.5,4.76,89.6,0,3,0.0,186.5
13.3,4.01,75.4,0,3,0.0,178.5
15.6,4.14,68.4,0,3,0.0,177.9
19.6,4.93,59.7,0,3,7.5,209.9
22.0,3.51,55.8,0,3,113.0,171.9
22.5,3.45,52.8,0,3,212.5,186.9
18.7,2.89,62.7,0,3,315.3,149.9
22.7,2.82,27.0,0,3,368.4,149.5
22.9,1.58,26.1,0,3,465.0,111.1
24.4,0.5,36.3,0,3,440.4,105.9
27.4,0.5,35.9,0,3,420.3,105.7
26.0,0.5,27.8,0,3,371.0,107.0
23.7,0.5,27.6,0,3,311.6,100.3
24.7,0.5,30.8,0,3,236.2,99.2
17.5,0.5,47.3,0,3,88.5,111.1
15.6,0.5,28.7,0,3,0.0,108.3
15.2,0.5,45.7,0,3,0.0,102.1
14.7,1.69,44.1,0,3,0.0,128.1
10.3,0.5,60.1,0,3,0.0,99.7
14.0,1.13,67.4,0,3,0.0,118.5
12.0,2.52,54.4,0,3,0.0,149.9
10.8,4.24,69.2,0,4,0.0,195.2
10.0,4.31,75.6,0,4,0.0,188.4
10.0,4.19,80.2,0,4,0.0,171.4
13.4,4.21,83.8,0,4,0.0,165.3
12.1,5.72,69.8,0,4,0.0,220.4
16.8,4.75,68.5,0,4,0.0,211.8
19.0,4.65,61.8,0,4,7.8,196.5
21.6,4.51,50.9,0,4,101.5,185.4
21.0,4.7,76.8,0,4,222.3,198.7
23.7,2.58,61.1,0,4,325.7,153.5
23.9,2.5,38.2,0,4,373.2,149.5
25.3,1.5,49.0,0,4,444.7,112.0
23.2,0.92,39.3,0,4,448.9,95.0
23.0,0.5,34.9,0,4,435.4,101.1
21.7,0.5,32.9,0,4,381.8,79.5
24.1,0.5,24.8,0,4,312.3,111.6
21.7,0.5,23.8,0,4,228.9,97.3
19.1,0.5,40.2,0,4,96.2,85.8
19.2,0.5,53.2,0,4,0.0,89.8
17.7,0.5,44.7,0,4,0.0,106.0
15.7,1.37,52.5,0,4,0.0,116.0
12.6,0.65,54.8,0,4,0.0,103.7
11.0,1.54,65.9,0,4,0.0,132.9
12.3,1.67,66.2,0,4,0.0,120.2
10.0,2.63,70.2,0,5,0.0,149.9
10.4,3.69,80.4,0,5,0.0,168.4
14.3,5.4,70.9,0,5,0.0,217.0
10.0,5.39,89.9,0,5,0.0,199.4
15.5,5.16,80.5,0,5,0.0,207.5
12.5,5.53,80.9,0,5,0.0,211.1
13.9,4.91,71.5,0,5,16.9,194.6
19.9,3.51,61.3,0,5,119.8,163.5
20.2,4.0,51.9,0,5,251.2,191.7
19.4,3.19,45.0,0,5,322.6,157.8
21.5,1.59,36.1,0,5,388.7,117.7
25.1,2.12,33.3,0,5,442.2,141.3
24.2,0.95,36.7,0,5,463.0,119.7
22.2,0.5,35.6,0,5,450.8,124.6
21.5,0.5,32.1,0,5,386.2,115.5
19.3,0.5,26.6,0,5,348.1,93.3
19.4,0.5,30.6,0,5,225.4,81.8
18.8,0.5,33.9,0,5,97.6,109.1
16.4,0.5,48.0,0,5,8.6,110.7
14.5,0.5,40.9,0,5,0.0,130.5
16.0,0.5,45.7,0,5,0.0,106.5
13.1,1.07,60.6,0,5,0.0,114.4
10.0,1.86,61.5,0,5,0.0,160.8
11.0,2.59,79.1,0,5,0.0,151.1
11.2,4.73,68.7,1,6,0.0,184.9
11.3,3.57,76.2,1,6,0.0,178.3
12.8,3.85,80.4,1,6,0.0,162.1
11.6,4.71,95.0,1,6,0.0,179.9
12.4,5.61,91.3,1,6,0.0,194.7
18.9,5.13,66.6,1,6,0.0,176.5
17.0,4.79,74.0,1,6,1.3,186.2
19.3,3.58,58.6,1,6,126.2,177.4
20.0,3.52,44.9,1,6,224.2,193.7
19.7,3.65,55.5,1,6,344.6,174.1
23.8,1.97,51.1,1,6,380.3,120.1
23.4,0.74,36.9,1,6,427.8,105.9
24.1,1.01,20.0,1,6,453.2,124.2
22.8,0.5,35.2,1,6,416.8,94.8
22.7,0.5,20.0,1,6,408.8,107.5
19.7,0.5,30.8,1,6,328.2,93.7
20.7,0.5,43.5,1,6,236.8,101.8
21.6,0.5,31.3,1,6,126.9,96.6
16.0,0.5,45.7,1,6,4.7,118.0
17.3,0.5,55.1,1,6,0.0,105.0
17.1,0.5,49.1,1,6,0.0,90.1
10.5,1.0,51.6,1,6,0.0,121.1
10.0,2.91,71.1,1,6,0.0,147.5
11.9,2.12,78.9,1,6,0.0,142.2
10.0,2.96,80.8,1,7,0.0,159.8
10.0,4.63,70.5,1,7,0.0,198.1
10.0,4.95,81.8,1,7,0.0,188.8
10.0,5.11,68.2,1,7,0.0,199.7
14.9,4.82,74.3,1,7,0.0,199.4
15.8,5.18,61.9,1,7,0.0,210.1
15.0,4.45,67.2,1,7,5.0,202.2
21.0,3.33,65.8,1,7,122.3,174.3
24.5,4.11,56.7,1,7,227.2,180.8
21.2,3.71,42.8,1,7,325.7,157.7
23.8,0.74,46.9,1,7,380.8,107.5
27.7,0.92,29.9,1,7,464.1,110.3
26.0,1.3,28.2,1,7,468.5,135.6
24.9,0.5,44.8,1,7,429.6,104.4
26.2,0.5,32.9,1,7,390.4,106.6
16.9,0.5,32.5,1,7,324.0,99.0
24.0,0.5,30.1,1,7,223.9,96.5
19.2,0.5,29.4,1,7,125.9,93.0
18.8,0.5,44.3,1,7,0.0,105.5
14.2,0.5,47.1,1,7,0.0,99.2
10.4,0.5,53.0,1,7,0.0,98.6
11.9,1.51,67.6,1,7,0.0,111.2
10.0,1.71,65.0,1,7,0.0,114.6
10.0,2.89,76.8,1,7,0.0,149.3
10.0,3.48,70.7,0,1,0.0,148.7
10.0,4.3,80.4,0,1,0.0,188.1
10.0,4.54,67.6,0,1,0.0,181.6
13.9,4.57,78.3,0,1,0.0,207.9
12.9,6.1,82.3,0,1,0.0,227.9
16.0,3.74,70.7,0,1,0.0,171.8
14.2,4.57,79.4,0,1,0.0,200.0
18.1,3.1,55.0,0,1,112.4,155.7
19.9,4.64,66.4,0,1,222.6,195.1
18.9,3.66,40.4,0,1,301.7,164.7
21.4,1.64,38.7,0,1,402.2,114.9
24.2,1.95,33.7,0,1,431.2,144.8
24.4,0.5,36.7,0,1,460.2,105.1
23.1,0.5,24.6,0,1,453.1,94.6
24.0,0.5,25.9,0,1,376.1,91.6
20.6,0.5,29.5,0,1,286.4,94.9
21.4,0.5,29.9,0,1,245.8,97.1
19.6,0.5,22.4,0,1,119.7,106.1
24.9,0.5,54.6,0,1,4.3,100.5
14.3,0.5,50.8,0,1,0.0,108.5
12.7,0.5,51.8,0,1,0.0,95.6
12.8,0.78,66.8,0,1,0.0,125.8
10.6,2.4,68.2,0,1,0.0,135.6
11.7,2.66,72.2,0,1,0.0,151.0
10.0,3.63,87.7,0,2,0.0,178.5
10.0,3.59,85.8,0,2,0.0,183.7
10.0,4.46,68.5,0,2,0.0,198.1
11.1,5.28,77.8,0,2,0.0,194.7
13.7,3.21,75.3,0,2,0.0,172.6
16.7,5.18,83.3,0,2,0.0,221.4
18.9,4.46,75.4,0,2,0.0,181.9
17.8,3.49,70.0,0,2,121.8,161.0
16.9,3.66,41.6,0,2,204.5,190.4
23.8,2.84,57.4,0,2,326.4,154.5
23.6,2.76,47.6,0,2,364.9,141.2
23.5,1.28,29.4,0,2,457.4,124.2
24.1,0.5,26.7,0,2,453.9,88.6
24.4,0.5,20.0,0,2,428.5,119.9
24.2,0.5,33.4,0,2,406.0,96.3
21.8,0.5,21.8,0,2,309.4,111.4
17.5,0.5,30.2,0,2,243.0,96.4
18.0,0.5,24.2,0,2,119.3,105.5
16.0,0.5,25.1,0,2,6.8,91.2
15.3,0.5,46.1,0,2,0.0,91.4
13.1,0.87,56.1,0,2,0.0,111.3
13.5,0.5,69.6,0,2,0.0,105.3
13.3,1.18,62.5,0,2,0.0,108.1
13.7,2.26,68.8,0,2,0.0,127.8
10.0,3.69,74.3,0,3,0.0,165.9
10.0,4.31,91.4,0,3,0.0,187.2
12.3,3.84,91.9,0,3,0.0,190.7
10.6,5.99,84.6,0,3,0.0,224.1
13.0,5.72,77.6,0,3,0.0,204.7
14.8,5.08,72.3,0,3,0.0,182.3
17.3,3.51,72.8,0,3,6.3,158.5
21.4,4.75,65.6,0,3,125.2,187.4
22.2,4.49,62.5,0,3,230.4,175.8
23.1,3.05,35.4,0,3,314.0,154.0
20.6,2.23,44.3,0,3,378.4,149.6
27.1,0.93,33.0,0,3,429.3,109.1
25.5,0.5,42.6,0,3,443.8,100.1
23.7,0.5,41.3,0,3,441.3,110.5
21.0,0.5,28.1,0,3,357.8,100.0
20.7,0.5,34.1,0,3,307.5,99.9
18.7,0.5,30.8,0,3,219.4,90.6
15.5,0.5,38.1,0,3,121.2,94.9
17.9,0.5,37.6,0,3,0.0,97.1
15.5,0.5,45.6,0,3,0.0,107.1
10.9,0.97,48.0,0,3,0.0,96.6
11.0,1.81,65.1,0,3,0.0,135.0
10.0,1.8,62.0,0,3,0.0,117.7
12.0,3.31,85.5,0,3,0.0,170.0
14.6,3.13,65.9,0,4,0.0,166.0
10.0,3.9,82.2,0,4,0.0,180.0
11.4,5.37,73.3,0,4,0.0,200.3
13.7,5.44,82.3,0,4,0.0,197.9
16.8,5.91,81.8,0,4,0.0,203.5
14.1,4.46,77.7,0,4,0.0,195.6
19.7,5.02,69.5,0,4,0.0,212.8
20.4,4.1,58.5,0,4,100.4,199.3
17.9,3.61,62.1,0,4,227.8,178.9
22.0,4.5,36.8,0,4,315.6,196.7
23.9,1.56,44.1,0,4,398.8,127.3
25.0,1.86,39.9,0,4,421.5,123.8
26.4,1.36,31.7,0,4,436.4,131.7
25.1,1.04,24.7,0,4,438.1,119.4
22.6,0.5,36.2,0,4,376.0,114.6
24.3,0.5,31.4,0,4,305.3,101.3
16.2,0.5,22.4,0,4,220.0,98.9
17.6,0.5,47.3,0,4,135.6,104.4
14.6,0.5,54.2,0,4,0.0,112.4
15.9,0.5,50.0,0,4,0.0,112.0
15.6,0.82,57.5,0,4,0.0,108.0
10.0,1.49,76.1,0,4,0.0,119.2
11.8,1.97,60.6,0,4,0.0,156.5
10.6,2.23,61.8,0,4,0.0,150.2
11.0,3.5,72.5,0,5,0.0,175.3
12.1,3.19,90.3,0,5,0.0,174.3
10.0,3.78,79.0,0,5,0.0,191.1
13.5,4.75,72.0,0,5,0.0,184.9
16.8,4.83,87.8,0,5,0.0,194.9
14.1,4.69,75.7,0,5,0.0,187.3
16.7,4.65,52.6,0,5,0.0,180.7
15.4,3.04,52.0,0,5,145.8,151.7
20.9,3.74,55.9,0,5,207.1,186.8
25.6,1.77,41.4,0,5,303.7,133.9
21.6,3.3,50.8,0,5,405.1,173.6
22.6,0.73,37.9,0,5,436.8,90.4
22.4,0.5,32.8,0,5,429.2,106.1
26.7,1.24,28.0,0,5,443.2,119.3
22.9,0.5,20.0,0,5,391.6,98.8
26.0,0.5,28.0,0,5,305.7,95.5
20.2,0.5,34.8,0,5,217.0,94.9
18.7,0.5,40.2,0,5,132.4,103.5
19.8,0.5,50.2,0,5,20.2,106.2
15.0,1.24,54.8,0,5,0.0,104.6
10.9,0.68,56.0,0,5,0.0,106.3
15.2,1.64,53.5,0,5,0.0,118.0
10.2,1.75,64.2,0,5,0.0,127.3
10.0,1.02,87.0,0,5,0.0,108.7
10.0,2.8,88.5,1,6,0.0,153.1
12.3,4.23,69.8,1,6,0.0,184.3
10.0,4.47,79.4,1,6,0.0,188.8
10.0,4.47,70.2,1,6,0.0,167.2
15.8,5.83,74.5,1,6,0.0,214.7
15.1,4.29,69.1,1,6,0.0,191.1
15.2,3.64,65.2,1,6,7.4,164.7
19.8,5.28,67.2,1,6,113.7,202.6
22.9,3.12,55.3,1,6,217.5,145.0
22.6,2.74,52.0,1,6,336.5,141.5
26.5,0.95,45.5,1,6,377.8,115.2
26.3,0.5,40.8,1,6,420.2,117.3
22.8,0.5,32.0,1,6,422.5,90.5
26.8,0.99,30.1,1,6,466.1,127.8
24.4,0.5,29.7,1,6,394.7,115.5
23.7,0.5,40.5,1,6,328.5,115.7
18.3,0.5,29.6,1,6,230.2,126.1
15.1,0.5,41.8,1,6,114.8,88.0
17.5,0.5,27.2,1,6,14.4,101.5
15.6,0.52,50.1,1,6,0.0,98.5
16.1,0.69,56.4,1,6,0.0,108.1
10.4,0.84,55.8,1,6,0.0,129.7
13.6,3.15,58.9,1,6,0.0,146.4
10.0,2.23,81.4,1,6,0.0,149.6
11.2,4.88,66.3,1,7,0.0,208.9
10.0,4.73,81.5,1,7,0.0,185.7
10.0,5.83,80.0,1,7,0.0,210.3
10.5,5.55,69.7,1,7,0.0,212.4
13.7,4.89,79.4,1,7,0.0,205.0
13.2,4.73,81.0,1,7,0.0,180.3
17.7,3.41,67.8,1,7,0.0,156.7
20.3,3.2,57.0,1,7,107.0,157.9
22.0,3.75,56.9,1,7,230.6,171.3
22.9,2.48,47.3,1,7,317.7,136.4
20.8,2.16,44.0,1,7,383.2,141.5
24.9,1.49,31.5,1,7,440.1,122.9
19.8,0.6,48.8,1,7,439.1,106.9
24.4,0.59,22.0,1,7,443.5,101.7
23.7,0.5,36.1,1,7,402.0,100.4
22.1,0.5,29.8,1,7,316.9,89.8
19.7,0.5,42.0,1,7,212.2,125.9
19.3,0.5,36.3,1,7,129.1,113.2
19.1,0.5,40.3,1,7,5.0,110.3
14.7,0.52,58.7,1,7,0.0,93.0
13.2,0.68,51.3,1,7,0.0,109.3
12.1,0.5,52.3,1,7,0.0,79.7
13.0,1.91,90.2,1,7,0.0,130.1
10.0,3.37,84.6,1,7,0.0,146.4
10.0,3.85,80.1,0,1,0.0,162.7
10.0,4.64,73.4,0,1,0.0,193.4
12.5,4.52,76.8,0,1,0.0,185.8
10.0,4.47,82.8,0,1,0.0,190.0
11.5,4.89,61.4,0,1,0.0,211.9
12.2,4.55,75.0,0,1,0.0,185.5
15.6,3.42,68.2,0,1,4.2,164.9
19.5,4.11,55.8,0,1,119.9,180.7
18.5,4.28,59.7,0,1,240.0,179.2
20.4,2.32,36.1,0,1,290.7,128.8
18.9,1.95,41.4,0,1,374.1,121.1
24.7,0.89,39.5,0,1,437.4,122.7
25.2,0.5,35.1,0,1,450.1,97.7
23.4,0.5,23.9,0,1,413.8,85.0
20.6,0.5,23.8,0,1,390.2,81.3
23.3,0.5,23.9,0,1,305.4,102.0
18.0,0.5,30.7,0,1,219.0,89.2
18.0,0.5,37.0,0,1,106.4,112.7
14.6,0.5,50.8,0,1,0.0,95.7
17.3,0.5,41.7,0,1,0.0,113.4
14.3,0.5,52.8,0,1,0.0,93.9
14.0,0.5,72.7,0,1,0.0,111.9
10.0,1.91,57.5,0,1,0.0,137.0
12.8,2.11,70.1,0,1,0.0,122.5
11.2,3.07,75.3,0,2,0.0,149.5
10.2,3.99,76.5,0,2,0.0,181.0
14.2,4.68,87.0,0,2,0.0,194.6
10.0,4.01,74.0,0,2,0.0,187.8
14.0,4.08,75.3,0,2,0.0,181.5
11.5,4.36,72.2,0,2,0.0,164.0
16.7,4.68,73.4,0,2,8.7,185.0
15.0,3.89,68.5,0,2,127.1,179.8
21.3,3.17,54.1,0,2,210.9,175.8
21.3,3.57,38.7,0,2,307.1,154.4
23.5,2.61,36.6,0,2,388.3,146.5
24.9,1.79,36.9,0,2,438.0,126.0
20.8,0.5,31.0,0,2,456.9,89.2
24.1,0.5,41.5,0,2,446.1,101.6
23.8,0.5,20.7,0,2,378.1,104.8
24.4,0.5,20.0,0,2,331.9,106.4
21.4,0.5,24.4,0,2,212.5,122.8
20.0,0.5,33.0,0,2,112.9,112.2
17.4,0.5,55.7,0,2,11.5,94.9
15.9,0.5,35.3,0,2,0.0,113.9
12.7,0.5,57.4,0,2,0.0,104.6
12.4,1.53,71.6,0,2,0.0,113.1
13.7,2.98,89.6,0,2,0.0,158.1
10.0,3.11,68.8,0,2,0.0,150.6
10.0,3.22,62.8,1,3,0.0,140.1
10.3,2.87,76.9,1,3,0.0,156.8
10.0,4.58,80.1,1,3,0.0,177.1
13.2,3.28,74.7,1,3,0.0,168.4
13.5,4.16,69.8,1,3,0.0,180.7
14.0,4.61,77.6,1,3,0.0,190.5
21.3,3.74,54.5,1,3,0.0,169.2
17.2,3.97,72.7,1,3,129.4,163.1
18.2,1.8,49.3,1,3,232.8,127.3
21.9,2.36,50.0,1,3,294.0,145.0
24.9,1.75,47.4,1,3,388.1,132.5
22.3,1.33,40.5,1,3,419.4,121.4
26.9,0.77,40.1,1,3,461.2,109.7
21.9,0.5,23.9,1,3,437.5,104.0
20.7,0.5,34.0,1,3,366.6,99.6
21.1,0.5,28.3,1,3,312.4,97.9
21.8,0.5,45.1,1,3,244.7,98.8
20.5,0.5,45.3,1,3,100.0,115.2
16.8,0.5,51.1,1,3,8.9,95.1
14.9,0.5,38.0,1,3,0.0,114.5
15.3,0.5,56.7,1,3,0.0,114.6
11.6,1.36,69.5,1,3,0.0,135.6
10.0,2.98,64.9,1,3,0.0,136.6
10.0,2.15,68.4,1,3,0.0,146.9
10.4,3.68,69.0,0,4,0.0,189.0
10.0,5.12,77.4,0,4,0.0,213.2
13.5,4.53,77.3,0,4,0.0,193.1
13.8,4.9,83.5,0,4,0.0,201.6
14.1,4.09,58.2,0,4,0.0,179.0
14.2,5.04,72.3,0,4,0.0,201.8
15.5,5.19,66.0,0,4,0.0,197.7
19.0,4.13,64.8,0,4,88.9,176.5
22.1,3.32,53.3,0,4,214.3,147.6
21.6,2.49,41.8,0,4,325.6,144.6
23.7,3.09,40.1,0,4,382.1,149.5
22.6,0.94,39.8,0,4,423.9,106.4
23.9,0.74,35.2,0,4,413.6,82.4
22.8,0.54,20.0,0,4,443.2,104.3
20.9,0.5,23.2,0,4,380.3,105.9
16.2,0.5,23.0,0,4,310.1,109.0
16.8,0.5,37.3,0,4,217.8,104.2
15.2,0.5,43.2,0,4,134.1,87.3
18.0,0.52,45.4,0,4,0.1,85.8
17.9,0.5,52.1,0,4,0.0,89.2
16.4,0.5,65.2,0,4,0.0,82.6
13.8,0.87,66.4,0,4,0.0,93.7
11.3,3.32,71.0,0,4,0.0,173.7
10.7,2.9,65.0,0,4,0.0,164.2
10.0,4.35,76.0,0,5,0.0,195.8
10.0,4.58,77.1,0,5,0.0,195.6
11.5,3.4,72.2,0,5,0.0,163.5
11.0,4.08,71.6,0,5,0.0,178.8
12.3,4.42,76.2,0,5,0.0,208.2
12.2,5.59,79.5,0,5,0.0,215.1
16.1,4.71,78.1,0,5,7.6,189.3
15.8,4.0,69.9,0,5,100.6,179.2
18.5,3.02,52.0,0,5,210.4,163.6
19.3,1.82,44.1,0,5,315.2,125.3
23.2,0.95,46.0,0,5,383.6,121.0
21.5,1.9,38.4,0,5,434.4,130.7
26.4,0.5,28.0,0,5,441.1,110.0
27.2,0.5,35.6,0,5,446.0,103.0
24.0,0.5,20.0,0,5,358.8,97.8
23.8,0.5,44.5,0,5,308.4,101.3
20.4,0.5,26.8,0,5,194.5,101.5
18.3,0.5,40.2,0,5,119.9,97.8
18.2,0.5,44.7,0,5,4.1,113.0
14.0,1.14,44.9,0,5,0.0,108.3
13.9,0.5,51.2,0,5,0.0,102.4
14.0,1.61,44.9,0,5,0.0,128.4
10.0,2.09,68.7,0,5,0.0,138.1
10.0,2.53,67.9,0,5,0.0,147.2
11.2,3.81,82.4,1,6,0.0,168.5
11.9,3.31,72.8,1,6,0.0,173.6
12.8,4.89,87.5,1,6,0.0,201.1
11.8,5.41,78.3,1,6,0.0,214.3
15.3,4.6,76.2,1,6,0.0,166.2
15.6,5.26,74.5,1,6,0.0,202.3
12.6,5.42,59.9,1,6,14.2,200.2
16.5,4.33,55.6,1,6,109.2,167.5
16.0,3.64,51.1,1,6,235.4,181.7
21.4,2.57,52.0,1,6,321.5,152.1
24.4,0.84,37.2,1,6,391.2,113.2
26.8,0.93,33.8,1,6,439.1,123.1
24.6,0.5,24.0,1,6,459.9,112.9
27.5,0.5,39.0,1,6,417.3,109.5
23.9,0.5,32.7,1,6,409.0,113.9
23.0,0.5,34.5,1,6,329.5,87.1
22.6,0.5,35.3,1,6,233.3,100.7
15.6,0.5,33.3,1,6,116.5,105.0
15.1,0.5,39.3,1,6,25.2,92.9
17.3,0.5,40.2,1,6,0.0,87.5
10.3,0.75,53.5,1,6,0.0,113.4
12.6,1.62,61.0,1,6,0.0,136.2
10.0,1.44,66.3,1,6,0.0,117.5
10.9,2.99,66.4,1,6,0.0,166.4
11.0,4.75,84.9,1,7,0.0,180.5
11.8,4.09,75.3,1,7,0.0,189.4
11.9,4.07,85.2,1,7,0.0,181.7
11.4,4.77,84.5,1,7,0.0,214.3
10.0,4.64,79.2,1,7,0.0,191.1
15.1,5.14,71.1,1,7,0.0,211.6
18.7,4.02,66.9,1,7,0.0,182.0
17.7,4.51,54.0,1,7,103.0,191.5
22.1,3.16,61.0,1,7,246.8,159.6
20.8,2.6,54.2,1,7,307.0,144.9
20.7,3.09,38.5,1,7,392.9,148.2
23.7,1.69,36.0,1,7,450.0,136.5
23.1,0.5,29.1,1,7,458.2,79.3
23.7,0.5,28.9,1,7,441.0,114.1
22.6,0.5,41.4,1,7,373.3,98.5
21.3,0.5,35.7,1,7,319.2,80.8
23.4,0.5,33.7,1,7,242.2,72.6
18.8,0.5,34.1,1,7,103.2,108.7
17.7,0.5,37.8,1,7,16.4,105.3
12.1,0.5,51.2,1,7,0.0,94.2
10.0,0.81,46.5,1,7,0.0,79.6
13.7,1.3,59.9,1,7,0.0,125.0
14.2,1.16,67.3,1,7,0.0,113.3
10.0,3.15,73.0,1,7,0.0,166.4
14.3,3.31,70.1,0,1,0.0,154.8
13.2,3.95,75.2,0,1,0.0,184.1
10.6,4.21,91.7,0,1,0.0,183.0
13.4,3.92,82.5,0,1,0.0,184.4
11.6,5.42,84.4,0,1,0.0,211.7
14.7,4.55,83.0,0,1,0.0,179.8
18.3,4.12,60.8,0,1,0.0,179.8
19.3,4.69,65.2,0,1,113.5,198.3
23.0,3.58,51.7,0,1,203.3,175.3
23.1,3.12,47.6,0,1,310.9,168.3
23.0,1.63,46.6,0,1,395.1,126.8
23.7,2.66,45.6,0,1,436.3,158.5
25.0,0.52,31.2,0,1,402.4,103.5
22.8,0.83,31.0,0,1,433.9,97.9
24.0,0.5,36.7,0,1,390.2,87.3
23.4,0.5,34.3,0,1,324.4,117.0
19.9,0.5,25.7,0,1,226.5,112.0
18.3,0.5,34.5,0,1,120.9,86.0
19.6,0.5,47.6,0,1,10.0,107.7
16.0,0.5,50.3,0,1,0.0,98.5
15.6,0.98,55.1,0,1,0.0,118.0
12.1,0.5,66.9,0,1,0.0,113.0
10.0,0.5,69.5,0,1,0.0,84.1
10.0,4.43,70.5,0,1,0.0,180.9
10.0,3.4,74.8,0,2,0.0,163.6
10.8,4.03,70.3,0,2,0.0,159.2
10.0,5.04,83.5,0,2,0.0,187.0
10.6,4.74,68.0,0,2,0.0,200.8
16.4,4.75,81.9,0,2,0.0,201.1
13.6,5.08,70.9,0,2,0.0,193.1
18.3,4.43,66.4,0,2,0.0,187.3
18.7,4.27,62.1,0,2,130.3,173.3
22.2,2.79,59.1,0,2,196.3,152.3
21.0,2.32,58.0,0,2,306.1,141.8
24.4,1.92,50.7,0,2,357.0,126.8
22.6,1.51,20.0,0,2,442.6,124.7
26.4,1.91,39.4,0,2,452.0,130.5
22.8,0.5,26.0,0,2,433.5,84.2
23.4,0.5,31.0,0,2,435.9,114.6
19.5,0.5,26.6,0,2,298.1,105.3
19.1,0.5,40.3,0,2,212.2,105.8
20.1,0.5,31.9,0,2,119.9,107.4
15.4,0.5,38.5,0,2,0.0,100.9
11.8,0.5,53.2,0,2,0.0,97.1
11.5,0.5,52.4,0,2,0.0,110.3
11.1,0.53,63.3,0,2,0.0,96.5
13.6,2.5,68.6,0,2,0.0,147.0
12.4,2.55,82.1,0,2,0.0,162.8
10.6,3.85,86.5,0,3,0.0,169.7
10.0,4.26,70.1,0,3,0.0,194.8
10.0,5.52,87.9,0,3,0.0,216.8
12.1,5.64,86.0,0,3,0.0,219.9
13.1,5.05,71.6,0,3,0.0,211.5
13.7,4.1,70.0,0,3,0.0,182.5
19.5,5.07,74.3,0,3,0.0,199.6
20.9,4.09,65.0,0,3,101.0,178.8
21.1,3.11,53.4,0,3,241.8,155.4
24.9,3.69,48.0,0,3,286.9,156.5
20.3,2.83,43.3,0,3,356.4,140.2
25.5,1.4,36.3,0,3,459.2,118.5
24.1,0.62,50.1,0,3,460.2,102.4
24.9,0.5,30.5,0,3,481.4,109.1
21.4,0.5,26.8,0,3,384.8,108.3
19.4,0.5,34.3,0,3,316.1,117.0
22.0,0.5,31.7,0,3,217.3,80.0
22.9,0.5,40.1,0,3,105.4,99.1
13.8,0.77,33.9,0,3,0.0,119.8
15.2,0.5,57.3,0,3,0.0,106.4
14.9,1.94,70.3,0,3,0.0,148.8
12.8,1.52,49.6,0,3,0.0,115.4
12.6,2.64,53.0,0,3,0.0,159.4
10.0,3.21,75.1,0,3,0.0,158.0
10.0,2.83,81.6,0,4,0.0,150.8
10.0,3.94,86.5,0,4,0.0,163.2
12.4,4.48,80.2,0,4,0.0,188.2
12.6,4.19,77.6,0,4,0.0,166.6
13.9,5.06,76.9,0,4,0.0,204.7
18.1,4.3,73.6,0,4,0.0,173.9
18.9,5.99,67.4,0,4,1.3,214.7
15.2,3.7,51.7,0,4,114.7,167.9
22.3,2.83,49.6,0,4,240.4,157.2
22.4,2.82,51.3,0,4,302.7,152.6
20.9,2.05,39.1,0,4,389.1,121.0
23.5,1.54,49.0,0,4,410.9,131.9
21.2,0.5,31.5,0,4,460.3,94.2
23.2,0.5,31.9,0,4,441.2,109.4
23.8,0.5,20.0,0,4,396.9,108.3
20.6,0.5,26.8,0,4,333.7,96.9
22.3,0.5,32.5,0,4,236.2,104.3
23.4,0.5,40.9,0,4,103.4,100.9
17.3,1.15,41.2,0,4,4.1,94.6
15.0,0.5,54.1,0,4,0.0,96.0
13.2,0.5,47.1,0,4,0.0,88.3
11.2,0.63,65.3,0,4,0.0,90.8
10.0,1.93,67.6,0,4,0.0,127.9
10.0,3.0,80.0,0,4,0.0,152.2
10.4,2.95,88.8,0,5,0.0,154.5
11.4,3.77,66.2,0,5,0.0,183.2
10.3,4.09,86.5,0,5,0.0,174.9
12.3,5.36,95.0,0,5,0.0,219.5
12.5,4.38,77.1,0,5,0.0,175.7
14.8,5.14,75.2,0,5,0.0,205.9
16.0,4.29,59.1,0,5,0.2,182.1
17.0,5.88,54.0,0,5,122.7,225.4
22.4,4.58,58.5,0,5,221.1,193.9
26.1,1.94,56.9,0,5,330.8,131.6
21.4,2.45,47.1,0,5,389.5,137.9
20.6,1.72,40.3,0,5,426.6,123.1
21.0,0.5,25.4,0,5,438.9,84.7
27.8,0.63,25.4,0,5,440.9,115.8
21.4,0.5,26.2,0,5,400.6,113.9
27.1,0.5,35.7,0,5,329.9,86.3
18.0,0.5,33.9,0,5,234.9,111.3
20.0,0.5,40.2,0,5,136.9,94.9
18.8,0.5,45.7,0,5,0.0,114.2
14.9,0.5,53.8,0,5,0.0,103.8
13.1,0.5,61.0,0,5,0.0,98.4
14.2,1.15,55.5,0,5,0.0,105.4
10.4,2.74,61.9,0,5,0.0,143.7
10.0,1.87,71.1,0,5,0.0,136.6
10.4,2.78,84.2,1,6,0.0,153.2
10.2,3.81,80.7,1,6,0.0,156.4
10.0,4.45,81.8,1,6,0.0,180.1
11.1,4.59,73.5,1,6,0.0,198.7
11.4,5.26,64.7,1,6,0.0,202.4
18.5,4.73,57.3,1,6,0.0,194.5
18.2,4.82,68.7,1,6,0.0,205.1
15.5,3.58,48.8,1,6,115.8,169.9
20.6,2.94,53.7,1,6,245.4,151.7
21.0,3.73,39.8,1,6,301.8,171.4
23.9,2.44,60.5,1,6,398.8,138.2
22.6,0.85,31.0,1,6,447.3,109.0
26.7,0.5,24.0,1,6,439.5,102.6
24.0,0.5,21.0,1,6,438.3,108.3
19.3,0.5,21.7,1,6,397.7,101.9
20.2,0.5,20.1,1,6,315.1,112.2
19.4,0.5,28.0,1,6,214.4,107.4
18.0,0.5,33.3,1,6,117.0,89.1
18.9,0.5,41.3,1,6,14.5,100.8
13.6,0.5,43.7,1,6,0.0,102.1
12.8,0.91,50.7,1,6,0.0,121.9
12.7,1.19,57.3,1,6,0.0,107.6
10.0,2.45,65.9,1,6,0.0,161.7
10.9,1.93,69.6,1,6,0.0,149.6
10.0,4.09,86.4,1,7,0.0,177.1
10.0,4.0,78.9,1,7,0.0,188.9
10.0,3.42,79.9,1,7,0.0,167.7
11.4,4.97,89.8,1,7,0.0,195.7
12.5,4.9,88.1,1,7,0.0,197.6
14.2,5.56,86.4,1,7,0.0,213.1
17.1,3.17,72.7,1,7,6.4,152.6
18.0,3.87,68.6,1,7,147.7,179.6
17.9,3.42,50.4,1,7,249.0,172.3
23.0,2.88,38.9,1,7,330.8,142.8
18.0,1.86,41.5,1,7,400.6,137.4
24.3,1.94,26.7,1,7,444.1,120.3
21.0,0.5,28.7,1,7,440.8,92.4
22.5,0.55,30.9,1,7,433.0,115.0
21.6,0.5,31.5,1,7,427.2,90.4
21.2,0.5,37.5,1,7,343.2,113.2
20.1,0.5,21.7,1,7,232.0,96.1
21.5,0.5,40.2,1,7,126.0,100.4
14.1,0.5,49.8,1,7,11.6,90.5
15.1,0.5,53.8,1,7,0.0,107.9
15.7,0.91,56.9,1,7,0.0,110.1
11.0,1.02,58.8,1,7,0.0,92.8
10.0,2.12,58.1,1,7,0.0,155.6
12.3,3.76,75.4,1,7,0.0,165.5
10.0,1.86,85.0,0,1,0.0,125.3
10.0,3.67,81.8,0,1,0.0,153.3
11.8,4.43,80.8,0,1,0.0,185.6
11.8,4.77,85.9,0,1,0.0,197.1
11.0,4.77,82.9,0,1,0.0,201.6
18.7,5.52,73.3,0,1,0.0,185.9
16.7,4.4,70.2,0,1,0.0,169.1
16.9,4.41,73.5,0,1,121.4,196.5
18.9,3.72,49.8,0,1,227.3,174.8
20.4,3.2,63.1,0,1,313.1,162.7
24.6,1.66,22.7,0,1,401.1,109.2
22.5,2.16,47.5,0,1,432.0,138.4
23.7,1.18,27.2,0,1,465.2,115.4
26.5,0.5,30.5,0,1,434.8,86.2
22.1,0.5,34.9,0,1,363.8,114.3
26.9,0.5,26.4,0,1,298.4,101.2
20.9,0.5,35.9,0,1,210.7,97.6
16.8,0.5,33.4,0,1,135.3,96.0
14.5,0.5,43.0,0,1,5.0,90.5
18.6,0.5,45.7,0,1,0.0,100.0
14.7,0.5,53.5,0,1,0.0,95.0
11.4,0.5,68.3,0,1,0.0,93.3
14.7,2.05,60.2,0,1,0.0,139.1
11.0,2.52,75.8,0,1,0.0,151.0
10.0,3.24,88.7,0,2,0.0,155.2
10.0,3.39,63.7,0,2,0.0,166.0
10.8,4.51,80.3,0,2,0.0,187.3
10.9,4.73,83.2,0,2,0.0,187.8
13.7,5.2,69.7,0,2,0.0,189.8
11.7,5.12,70.0,0,2,0.0,202.4
15.0,4.57,58.9,0,2,0.0,188.6
16.7,4.46,59.2,0,2,129.3,188.5
21.5,2.91,45.2,0,2,220.2,160.3
21.8,2.9,37.2,0,2,315.7,160.8
21.4,2.18,33.4,0,2,384.4,138.4
25.2,0.5,32.5,0,2,466.1,99.6
25.2,0.5,46.9,0,2,451.4,84.7
18.7,0.5,31.8,0,2,433.1,132.0
22.5,0.5,25.5,0,2,386.1,96.9
25.6,0.5,31.8,0,2,312.8,128.0
20.0,0.5,43.4,0,2,212.4,76.6
20.2,0.5,38.6,0,2,112.5,101.3
17.5,0.5,50.9,0,2,0.0,99.9
15.3,0.5,58.1,0,2,0.0,99.8
11.3,0.99,56.3,0,2,0.0,92.8
14.9,0.5,57.3,0,2,0.0,89.0
10.0,0.73,72.5,0,2,0.0,135.2
10.0,2.22,68.7,0,2,0.0,134.2
11.2,2.91,67.0,0,3,0.0,131.8
10.0,3.94,74.7,0,3,0.0,189.0
10.3,3.52,76.0,0,3,0.0,160.9
10.7,4.51,76.4,0,3,0.0,191.2
14.2,4.45,85.5,0,3,0.0,171.8
15.9,4.41,74.9,0,3,0.0,200.9
18.3,3.7,57.1,0,3,0.0,163.0
14.3,3.91,59.9,0,3,95.5,160.8
21.4,4.1,44.0,0,3,225.6,191.2
21.8,1.26,47.5,0,3,304.8,113.9
22.7,0.5,54.2,0,3,397.3,100.1
26.3,1.47,35.7,0,3,446.6,103.5
25.3,0.5,42.1,0,3,459.7,101.8
20.3,0.5,35.6,0,3,452.4,105.0
21.1,0.5,30.7,0,3,414.8,105.4
24.4,0.5,39.6,0,3,298.4,108.7
20.5,0.5,36.8,0,3,216.0,112.7
15.5,0.5,38.3,0,3,105.7,109.1
18.1,0.5,41.6,0,3,0.0,121.5
13.6,1.14,48.8,0,3,0.0,128.8
13.8,1.01,63.6,0,3,0.0,106.3
14.0,1.22,66.3,0,3,0.0,121.4
10.0,2.99,71.9,0,3,0.0,160.7
10.0,3.75,86.6,0,3,0.0,188.4
10.0,3.02,76.9,0,4,0.0,152.5
11.3,4.31,72.2,0,4,0.0,193.3
11.3,5.29,71.5,0,4,0.0,194.7
10.0,4.52,72.6,0,4,0.0,187.3
15.2,4.81,65.6,0,4,0.0,187.4
15.1,5.17,74.1,0,4,0.0,208.4
15.3,5.91,68.9,0,4,14.5,222.4
19.6,5.62,59.5,0,4,118.2,224.3
17.5,2.32,50.9,0,4,218.6,146.1
20.2,1.92,49.0,0,4,292.8,140.5
24.7,2.57,51.0,0,4,384.4,147.7
22.9,1.22,48.1,0,4,421.8,130.7
26.0,0.5,39.3,0,4,472.5,101.7
25.8,1.46,35.0,0,4,445.5,118.6
27.8,0.5,28.1,0,4,406.2,109.7
21.0,0.5,20.3,0,4,325.0,118.1
19.0,0.5,27.1,0,4,245.0,116.5
19.5,0.5,38.3,0,4,111.5,97.9
13.9,0.5,42.2,0,4,1.4,99.4
13.4,0.5,53.7,0,4,0.0,101.9
14.0,0.5,50.9,0,4,0.0,89.7
12.8,0.69,68.9,0,4,0.0,96.5
12.0,1.56,74.8,0,4,0.0,129.2
10.0,2.65,65.5,0,4,0.0,140.0
11.1,3.29,75.8,0,5,0.0,154.8
10.7,5.04,73.7,0,5,0.0,215.9
10.0,3.73,82.1,0,5,0.0,190.6
12.1,4.42,71.1,0,5,0.0,181.5
13.6,5.57,73.3,0,5,0.0,212.5
16.6,5.25,71.1,0,5,0.0,201.8
14.0,4.75,80.7,0,5,0.0,185.9
20.3,4.39,60.4,0,5,117.9,170.9
20.8,4.02,46.2,0,5,248.7,172.4
24.2,2.68,47.4,0,5,304.9,150.4
22.3,1.21,44.9,0,5,387.4,104.5
26.9,1.75,44.1,0,5,408.7,148.0
23.9,0.5,36.3,0,5,449.7,113.8
25.9,0.5,26.1,0,5,394.0,99.5
20.2,0.5,27.9,0,5,381.4,90.0
26.5,0.5,22.7,0,5,312.2,102.3
20.4,0.5,40.2,0,5,217.9,88.0
17.0,0.5,37.4,0,5,112.5,114.7
19.4,0.5,41.9,0,5,7.8,97.7
12.3,0.5,54.3,0,5,0.0,103.9
12.8,0.5,37.6,0,5,0.0,110.7
10.8,1.26,56.2,0,5,0.0,115.4
10.0,2.8,74.0,0,5,0.0,156.6
11.3,3.16,60.8,0,5,0.0,153.9
10.0,5.08,78.8,1,6,0.0,179.8
13.0,3.31,72.1,1,6,0.0,177.1
12.5,4.5,82.2,1,6,0.0,190.5
12.2,5.48,85.9,1,6,0.0,206.9
15.0,4.94,69.1,1,6,0.0,199.6
17.0,4.79,64.2,1,6,0.0,196.5
17.4,5.15,74.6,1,6,0.0,192.9
20.2,4.99,59.3,1,6,138.5,204.8
21.4,2.79,59.8,1,6,208.0,147.8
20.8,2.64,38.4,1,6,335.1,128.7
25.0,1.51,48.5,1,6,390.1,121.5
26.2,0.5,41.6,1,6,445.4,124.2
22.9,1.07,32.6,1,6,449.9,109.8
26.4,0.5,21.0,1,6,444.0,114.9
23.3,0.5,20.5,1,6,385.4,99.9
22.1,0.5,27.7,1,6,317.5,91.7
20.3,0.5,32.2,1,6,226.1,96.7
21.4,0.5,32.3,1,6,100.9,87.5
18.5,0.5,40.9,1,6,0.0,81.2
12.2,0.5,56.4,1,6,0.0,107.8
16.3,1.57,53.3,1,6,0.0,116.4
11.2,1.07,60.2,1,6,0.0,126.2
10.6,2.66,70.0,1,6,0.0,157.6
10.4,4.01,62.6,1,6,0.0,177.0
10.9,4.26,76.5,1,7,0.0,192.2
11.7,2.96,79.1,1,7,0.0,148.4
10.0,5.08,80.8,1,7,0.0,210.6
10.0,5.1,73.5,1,7,0.0,207.2
14.5,5.8,76.1,1,7,0.0,213.3
15.6,5.16,72.0,1,7,0.0,206.9
17.7,4.19,58.5,1,7,7.4,179.9
16.5,3.63,70.6,1,7,108.2,174.9
18.9,4.4,64.5,1,7,215.6,160.6
19.0,1.97,49.5,1,7,298.0,130.6
24.1,2.32,29.2,1,7,369.0,150.0
25.3,0.68,32.0,1,7,400.9,108.4
23.5,1.08,25.7,1,7,427.4,103.8
21.4,0.5,26.0,1,7,429.0,88.3
22.7,0.5,21.5,1,7,377.0,96.2
23.0,0.5,31.1,1,7,320.1,77.2
16.8,0.5,40.6,1,7,221.3,103.9
20.2,0.5,31.1,1,7,127.0,126.0
16.5,0.5,45.3,1,7,1.6,91.9
17.1,0.5,41.3,1,7,0.0,111.0
15.9,0.5,52.5,1,7,0.0,88.9
12.9,0.5,68.9,1,7,0.0,113.7
11.9,1.27,77.5,1,7,0.0,126.7
10.0,2.59,73.7,1,7,0.0,164.0
10.3,1.88,79.0,0,1,0.0,130.6
10.0,4.61,87.0,0,1,0.0,187.9
10.9,4.61,74.4,0,1,0.0,196.0
15.1,5.65,74.3,0,1,0.0,204.8
14.9,4.69,69.5,0,1,0.0,166.4
11.7,4.79,73.3,0,1,0.0,179.6
15.4,4.83,71.6,0,1,17.4,200.3
17.3,3.95,51.7,0,1,133.2,183.8
23.3,3.32,64.4,0,1,247.1,162.8
23.4,3.66,47.2,0,1,337.5,169.2
20.4,3.29,39.2,0,1,407.1,156.2
21.7,1.38,24.8,0,1,438.3,117.6
20.9,1.46,34.1,0,1,446.1,113.2
24.3,0.5,22.6,0,1,425.3,82.6
25.7,0.5,25.7,0,1,415.8,88.1
22.1,0.5,33.8,0,1,292.7,92.9
20.9,0.5,34.8,0,1,239.4,88.7
23.2,0.5,37.3,0,1,151.9,86.6
16.5,0.5,43.8,0,1,0.0,94.5
11.1,0.5,58.7,0,1,0.0,105.4
10.4,0.77,52.2,0,1,0.0,99.4
11.3,1.45,52.3,0,1,0.0,121.6
10.0,3.08,61.5,0,1,0.0,147.9
13.8,3.11,66.1,0,1,0.0,160.4
10.5,3.29,71.4,0,2,0.0,157.0
13.9,3.36,89.9,0,2,0.0,166.9
12.6,4.22,86.0,0,2,0.0,175.6
10.2,4.15,77.6,0,2,0.0,188.2
14.0,4.6,79.2,0,2,0.0,200.6
16.7,4.92,66.4,0,2,0.0,192.7
16.4,4.76,72.5,0,2,0.2,196.1
17.8,3.57,49.2,0,2,123.6,161.4
20.0,3.78,58.6,0,2,240.0,184.4
19.7,2.28,56.9,0,2,284.9,126.2
22.6,1.3,39.6,0,2,411.6,115.7
25.9,2.08,47.4,0,2,405.2,140.4
26.1,0.5,45.6,0,2,458.5,111.9
24.4,0.5,27.4,0,2,422.6,98.8
21.0,0.5,41.8,0,2,391.9,94.2
23.2,0.5,36.5,0,2,362.2,90.7
17.1,0.5,22.4,0,2,210.0,91.8
16.9,0.5,33.8,0,2,129.9,93.3
16.5,0.5,28.9,0,2,5.2,105.9
19.3,0.5,54.3,0,2,0.0,104.0
16.8,0.5,57.9,0,2,0.0,103.8
15.4,0.85,61.2,0,2,0.0,86.4
10.0,1.34,73.3,0,2,0.0,122.8
11.9,2.68,81.1,0,2,0.0,149.5
10.0,3.91,73.7,0,3,0.0,164.7
10.0,4.53,78.5,0,3,0.0,198.6
10.0,4.48,89.8,0,3,0.0,204.2
11.5,5.64,72.5,0,3,0.0,190.5
16.8,4.48,75.8,0,3,0.0,195.5
14.4,4.11,75.8,0,3,0.0,172.2
12.8,3.74,68.7,0,3,0.0,172.3
17.7,5.32,74.3,0,3,124.8,214.5
19.3,2.6,54.9,0,3,218.5,151.7
20.4,2.09,49.3,0,3,300.5,145.2
19.5,1.65,40.7,0,3,381.2,145.1
22.1,2.69,40.4,0,3,441.8,174.4
22.0,0.5,28.1,0,3,424.1,101.2
27.1,0.5,28.8,0,3,448.1,92.7
26.8,0.56,31.8,0,3,405.2,113.3
20.3,0.5,21.6,0,3,328.2,87.5
19.6,0.5,27.1,0,3,214.0,98.0
15.6,0.5,37.0,0,3,113.6,102.8
15.4,0.5,55.1,0,3,0.0,111.1
22.2,0.5,51.7,0,3,0.0,95.6
12.1,0.5,54.7,0,3,0.0,110.5
12.2,1.48,58.2,0,3,0.0,125.4
10.0,1.79,61.5,0,3,0.0,108.2
12.9,2.36,80.8,0,3,0.0,129.2
10.0,5.04,88.9,0,4,0.0,203.4
10.0,4.38,74.1,0,4,0.0,173.2
11.0,3.92,79.5,0,4,0.0,168.4
13.8,5.05,79.1,0,4,0.0,205.8
16.4,4.72,73.6,0,4,0.0,189.6
17.1,5.68,79.4,0,4,0.0,225.7
13.3,5.14,64.9,0,4,0.0,214.7
15.9,3.72,54.5,0,4,117.9,189.9
25.8,3.56,62.8,0,4,232.5,164.9
22.3,3.1,44.5,0,4,317.3,166.4
20.9,1.97,55.9,0,4,409.9,133.6
24.4,1.82,48.2,0,4,414.9,143.2
23.4,0.5,24.6,0,4,429.0,121.9
23.7,0.5,35.0,0,4,448.9,111.7
21.8,0.5,35.4,0,4,389.6,105.0
23.5,0.5,35.9,0,4,328.8,108.8
23.7,0.5,42.8,0,4,229.4,101.3
20.6,0.5,35.2,0,4,115.9,92.5
19.6,0.5,56.8,0,4,0.0,101.3
17.5,0.5,50.7,0,4,0.0,89.4
14.1,0.5,51.3,0,4,0.0,91.2
15.3,1.96,50.5,0,4,0.0,110.2
10.0,2.46,64.6,0,4,0.0,128.9
11.8,2.44,72.8,0,4,0.0,131.0
10.0,4.08,79.4,0,5,0.0,183.0
10.5,3.09,77.3,0,5,0.0,177.4
12.3,5.52,84.2,0,5,0.0,212.6
12.5,4.33,76.5,0,5,0.0,201.4
10.0,5.72,70.1,0,5,0.0,227.7
16.7,5.65,78.3,0,5,0.0,219.9
16.7,4.8,76.2,0,5,0.0,192.6
14.6,4.2,48.3,0,5,129.4,177.7
23.9,2.62,63.3,0,5,199.3,174.8
21.8,2.25,38.7,0,5,316.3,140.5
22.5,2.38,39.8,0,5,387.5,118.7
24.5,0.64,38.5,0,5,420.4,114.6
23.1,1.55,30.8,0,5,460.3,119.8
22.1,0.5,30.5,0,5,405.7,101.2
24.3,0.5,39.2,0,5,386.9,106.9
22.1,0.5,34.5,0,5,309.0,95.7
23.2,0.5,36.1,0,5,199.8,104.1
19.8,0.5,20.0,0,5,105.4,107.9
18.5,0.5,47.1,0,5,0.0,112.7
13.6,0.5,45.7,0,5,0.0,100.4
14.6,0.5,49.8,0,5,0.0,120.0
11.8,1.87,61.7,0,5,0.0,128.8
10.6,2.36,77.1,0,5,0.0,153.8
10.0,2.53,67.6,0,5,0.0,142.0
11.5,2.94,77.0,1,6,0.0,134.1
14.5,3.95,65.0,1,6,0.0,177.3
10.8,5.19,85.2,1,6,0.0,208.7
11.8,5.96,68.8,1,6,0.0,221.8
15.1,4.49,64.4,1,6,0.0,191.7
18.2,4.14,80.8,1,6,0.0,177.2
14.4,4.35,67.6,1,6,0.0,201.3
16.6,3.08,69.2,1,6,113.4,188.9
20.5,2.83,54.6,1,6,227.4,158.8
19.9,3.79,50.2,1,6,308.8,186.2
22.5,2.17,36.0,1,6,400.0,133.2
22.1,0.84,42.2,1,6,432.9,108.6
20.2,0.5,35.7,1,6,465.9,110.7
25.2,0.97,30.3,1,6,425.9,135.9
27.0,0.5,32.7,1,6,387.5,94.4
23.7,0.5,32.1,1,6,292.4,103.4
22.3,0.5,43.4,1,6,209.2,100.3
18.6,0.5,31.9,1,6,146.0,100.6
19.5,0.5,50.0,1,6,13.0,100.8
10.0,0.5,44.1,1,6,0.0,102.2
12.7,0.5,47.6,1,6,0.0,112.2
10.7,0.91,58.3,1,6,0.0,114.7
10.0,2.61,77.6,1,6,0.0,137.8
10.0,2.32,74.2,1,6,0.0,129.9
13.1,2.94,85.4,1,7,0.0,136.7
11.5,4.05,76.0,1,7,0.0,183.9
12.4,5.31,82.9,1,7,0.0,202.0
17.9,5.33,95.0,1,7,0.0,209.7
14.1,4.98,64.5,1,7,0.0,211.6
14.0,5.14,78.6,1,7,0.0,198.7
15.0,4.1,58.5,1,7,21.3,171.2
19.1,3.82,69.7,1,7,129.4,177.1
20.0,2.78,68.6,1,7,235.0,161.9
20.8,3.4,53.9,1,7,311.2,151.9
22.1,2.13,42.9,1,7,361.1,141.5
27.7,1.5,41.6,1,7,440.6,132.4
24.8,0.5,27.8,1,7,454.7,97.8
24.4,0.5,36.7,1,7,435.8,87.9
22.4,0.5,20.0,1,7,391.8,104.8
24.7,0.5,34.9,1,7,315.4,93.3
23.8,0.5,38.2,1,7,242.7,111.5
19.0,0.5,40.1,1,7,90.0,108.8
15.2,0.5,40.8,1,7,0.0,89.7
17.2,0.5,52.3,1,7,0.0,89.3
13.9,0.5,55.3,1,7,0.0,105.6
10.2,0.95,63.5,1,7,0.0,110.4
10.0,2.38,79.9,1,7,0.0,143.2
11.8,1.71,83.2,1,7,0.0,122.7
12.5,3.35,73.4,0,1,0.0,153.0
12.3,3.49,71.8,0,1,0.0,174.3
10.0,3.79,75.8,0,1,0.0,161.6
10.0,6.16,73.1,0,1,0.0,221.9
12.7,5.37,83.3,0,1,0.0,195.8
17.7,4.84,84.8,0,1,0.0,198.4
20.8,4.39,65.9,0,1,0.0,183.4
18.1,3.74,70.1,0,1,120.2,180.5
20.0,3.04,50.8,0,1,209.1,151.8
20.9,4.05,29.1,0,1,344.1,180.3
24.6,2.06,37.8,0,1,392.8,127.6
22.2,0.92,49.5,0,1,437.9,105.7
21.6,0.78,45.8,0,1,414.3,113.9
25.7,0.5,32.1,0,1,433.6,93.1
25.1,0.5,20.0,0,1,408.6,107.2
22.1,0.5,27.1,0,1,311.7,79.8
19.0,0.5,37.6,0,1,236.9,114.5
20.9,0.5,37.4,0,1,127.6,117.8
17.7,0.55,31.8,0,1,12.8,104.8
17.8,0.5,42.5,0,1,0.0,85.7
11.2,1.08,61.1,0,1,0.0,96.6
11.3,0.5,69.7,0,1,0.0,90.1
11.0,1.62,77.9,0,1,0.0,111.6
10.0,2.76,68.7,0,1,0.0,162.6
11.3,3.48,86.2,0,2,0.0,158.4
10.0,4.61,81.9,0,2,0.0,183.0
12.2,4.14,79.3,0,2,0.0,174.6
10.0,4.27,86.1,0,2,0.0,182.6
12.5,5.29,70.7,0,2,0.0,199.1
13.4,4.52,70.0,0,2,0.0,191.7
10.0,4.11,64.8,0,2,0.0,182.1
21.8,3.33,64.2,0,2,108.9,155.3
19.0,5.13,60.9,0,2,232.4,186.9
22.7,3.42,42.6,0,2,328.8,183.8
22.2,1.34,40.0,0,2,362.3,98.8
23.9,0.96,37.4,0,2,426.4,92.3
28.1,0.5,25.9,0,2,444.2,100.4
24.7,0.53,28.5,0,2,402.6,109.2
21.4,0.5,31.0,0,2,399.7,109.9
23.2,0.5,27.5,0,2,317.6,108.5
16.5,0.5,31.3,0,2,213.9,98.9
11.6,0.5,31.2,0,2,104.4,98.8
20.1,0.5,48.8,0,2,8.1,98.7
14.8,0.5,44.4,0,2,0.0,99.4
14.7,1.37,62.2,0,2,0.0,124.7
13.8,1.76,53.7,0,2,0.0,138.6
10.0,1.82,78.5,0,2,0.0,122.8
10.0,2.98,63.3,0,2,0.0,158.8
12.6,3.9,71.7,0,3,0.0,172.8
10.0,4.02,89.2,0,3,0.0,178.5
14.2,3.74,71.0,0,3,0.0,176.0
12.4,5.82,80.9,0,3,0.0,218.1
13.7,4.0,95.0,0,3,0.0,180.0
16.4,5.32,71.7,0,3,0.0,213.1
17.8,4.11,77.4,0,3,10.9,194.4
18.9,4.31,67.1,0,3,117.3,186.1
18.6,4.89,45.1,0,3,244.7,204.7
19.9,3.14,58.8,0,3,357.2,141.9
24.4,2.7,48.7,0,3,385.4,153.8
25.4,1.59,44.6,0,3,431.3,115.5
23.2,1.11,34.1,0,3,452.9,115.0
24.0,0.5,30.4,0,3,436.4,93.1
21.2,0.5,30.5,0,3,369.6,97.8
22.2,0.5,25.0,0,3,306.3,102.9
20.2,0.5,36.3,0,3,249.6,81.8
20.0,0.5,38.4,0,3,118.2,102.5
15.8,0.5,39.4,0,3,9.0,109.5
14.2,0.5,55.3,0,3,0.0,100.4
13.1,0.61,47.0,0,3,0.0,111.0
13.3,1.06,63.0,0,3,0.0,120.4
10.8,1.83,65.0,0,3,0.0,125.9
11.6,2.54,83.8,0,3,0.0,136.9
10.1,3.11,74.4,0,4,0.0,155.3
11.0,4.45,72.1,0,4,0.0,175.8
10.0,2.89,83.8,0,4,0.0,155.0
10.0,4.51,75.9,0,4,0.0,197.9
15.1,4.31,81.7,0,4,0.0,203.8
20.9,4.36,92.4,0,4,0.0,179.9
17.7,4.25,70.3,0,4,0.0,196.3
18.7,4.21,64.8,0,4,91.6,188.4
20.0,3.6,62.4,0,4,209.8,149.8
20.9,3.57,47.7,0,4,310.9,153.8
20.8,2.23,34.3,0,4,388.6,140.0
23.2,1.69,42.8,0,4,443.1,125.0
25.1,0.5,33.4,0,4,443.1,94.1
24.7,0.67,39.0,0,4,454.0,101.4
24.3,0.5,31.0,0,4,367.4,107.1
24.6,0.5,40.4,0,4,330.9,78.8
25.3,0.5,31.4,0,4,229.3,86.6
19.7,0.5,30.7,0,4,128.6,110.8
17.0,0.5,49.3,0,4,0.0,114.5
19.4,0.5,63.6,0,4,0.0,97.2
12.2,1.48,49.5,0,4,0.0,117.0
11.1,1.84,58.8,0,4,0.0,141.8
14.1,2.39,62.9,0,4,0.0,143.3
10.9,2.18,77.7,0,4,0.0,120.9
10.0,3.2,76.1,0,5,0.0,162.7
10.0,4.25,76.7,0,5,0.0,189.4
13.4,4.58,91.5,0,5,0.0,183.8
16.5,5.09,73.3,0,5,0.0,222.8
13.4,4.7,75.4,0,5,0.0,206.1
16.3,4.96,83.2,0,5,0.0,209.4
16.4,4.86,66.7,0,5,0.0,210.3
17.3,3.68,76.3,0,5,80.7,165.2
16.9,2.93,33.0,0,5,207.9,155.0
18.7,2.83,45.6,0,5,339.4,160.0
22.4,3.19,31.6,0,5,388.5,182.7
23.4,1.11,27.2,0,5,449.0,122.4
22.7,0.5,24.3,0,5,433.8,89.2
22.9,0.5,27.1,0,5,435.9,98.1
23.4,0.5,30.7,0,5,367.2,111.0
20.2,0.5,39.0,0,5,318.7,97.4
22.4,0.5,29.0,0,5,193.9,102.5
18.6,0.5,39.8,0,5,106.0,112.4
15.9,0.5,32.3,0,5,0.0,98.3
16.1,0.5,41.2,0,5,0.0,100.0
12.5,0.53,73.5,0,5,0.0,113.2
12.9,1.32,44.7,0,5,0.0,114.3
10.0,1.31,53.6,0,5,0.0,126.9
12.5,3.03,65.9,0,5,0.0,139.0
10.0,2.97,75.5,1,6,0.0,158.7
11.2,4.13,87.1,1,6,0.0,185.0
12.5,4.4,86.2,1,6,0.0,177.3
13.4,5.07,77.2,1,6,0.0,204.3
19.7,4.08,75.8,1,6,0.0,185.8
13.7,5.11,68.3,1,6,0.0,187.9
18.5,5.25,67.3,1,6,25.0,208.1
20.3,4.4,57.7,1,6,111.1,196.1
22.7,3.61,47.7,1,6,247.3,168.0
27.3,3.25,48.4,1,6,410.8,179.0
28.2,1.55,41.7,1,6,467.1,126.7
25.5,0.94,45.2,1,6,522.8,118.3
27.0,0.5,35.4,1,6,519.6,101.5
24.3,0.5,35.3,1,6,514.1,107.0
25.6,0.5,30.6,1,6,463.1,107.4
30.0,0.5,31.4,1,6,384.5,95.6
21.7,0.5,30.2,1,6,235.4,90.2
22.4,0.5,41.8,1,6,119.3,95.9
20.1,0.5,28.2,1,6,0.0,84.5
19.7,0.5,51.7,1,6,0.0,96.2
14.5,1.81,53.3,1,6,0.0,129.9
10.0,0.5,57.4,1,6,0.0,108.9
14.7,1.41,78.8,1,6,0.0,123.1
11.8,2.67,82.0,1,6,0.0,135.3
11.5,3.26,95.0,1,7,0.0,157.6
10.0,2.99,72.0,1,7,0.0,170.1
15.2,4.74,77.7,1,7,0.0,189.0
17.8,4.78,78.5,1,7,0.0,193.3
17.4,4.36,71.4,1,7,0.0,171.1
19.9,4.58,70.0,1,7,0.0,194.5
25.2,5.07,61.5,1,7,0.0,215.2
23.5,2.36,54.4,1,7,136.2,131.6
22.1,2.36,54.4,1,7,270.8,163.7
27.3,3.39,62.3,1,7,363.1,175.0
29.9,1.71,37.4,1,7,460.6,135.6
24.1,2.37,32.8,1,7,486.3,169.1
28.2,0.5,39.4,1,7,514.7,109.4
25.4,0.5,20.0,1,7,527.0,117.4
26.7,0.5,28.9,1,7,449.0,99.8
24.7,0.5,31.9,1,7,381.4,104.9
21.3,0.5,34.4,1,7,260.1,100.8
27.6,0.5,23.4,1,7,128.3,104.2
20.9,0.5,31.9,1,7,6.4,108.7
22.5,0.5,48.1,1,7,0.0,95.4
14.2,0.89,56.8,1,7,0.0,105.3
15.9,1.43,65.5,1,7,0.0,137.8
13.1,1.77,61.1,1,7,0.0,104.5
11.4,2.65,63.1,1,7,0.0,156.5
12.0,3.56,78.8,0,1,0.0,180.8
12.1,3.25,90.6,0,1,0.0,155.5
10.0,4.84,79.2,0,1,0.0,192.9
11.9,5.44,85.6,0,1,0.0,216.3
15.4,5.14,84.8,0,1,0.0,201.4
20.6,3.48,87.0,0,1,0.0,160.3
19.5,4.51,74.5,0,1,3.9,183.4
22.3,4.08,62.1,0,1,126.3,182.7
25.7,3.14,48.9,0,1,258.3,167.4
23.2,1.71,44.8,0,1,364.7,121.2
28.2,1.83,43.6,0,1,451.1,130.0
28.5,0.75,47.1,0,1,480.2,108.3
25.6,0.9,48.8,0,1,522.5,92.2
28.4,0.5,26.5,0,1,510.8,111.1
26.6,0.5,41.1,0,1,415.7,105.6
22.7,0.5,28.2,0,1,387.0,88.9
22.3,0.5,44.1,0,1,249.8,105.8
20.3,0.5,26.5,0,1,113.7,97.8
19.5,0.55,33.2,0,1,11.4,106.3
15.2,0.5,43.5,0,1,0.0,91.3
15.3,0.5,48.1,0,1,0.0,106.4
16.6,0.5,68.9,0,1,0.0,96.5
16.9,1.84,57.9,0,1,0.0,141.0
10.0,2.42,76.8,0,1,0.0,149.0
12.0,3.79,73.6,0,2,0.0,164.1
14.7,3.74,87.1,0,2,0.0,174.3
11.4,3.99,67.8,0,2,0.0,174.5
14.3,5.5,76.0,0,2,0.0,196.7
16.6,5.83,85.5,0,2,0.0,224.6
21.4,5.1,77.2,0,2,0.0,188.5
18.0,4.59,67.9,0,2,1.2,202.8
20.6,3.93,52.2,0,2,141.8,176.6
25.7,3.61,52.5,0,2,257.3,181.0
24.3,3.2,55.0,0,2,330.6,160.6
29.4,2.32,45.6,0,2,437.4,145.1
28.3,1.95,36.3,0,2,500.1,123.1
22.4,0.76,34.6,0,2,493.2,113.0
26.7,0.5,43.9,0,2,489.4,98.9
29.9,0.5,43.6,0,2,446.7,99.0
24.2,0.5,23.4,0,2,360.2,93.4
29.5,0.5,37.6,0,2,237.4,118.5
15.9,0.5,34.1,0,2,137.2,99.3
19.5,0.5,32.0,0,2,10.4,116.8
15.6,0.5,46.5,0,2,0.0,111.2
16.0,0.5,61.7,0,2,0.0,94.2
10.8,1.05,72.1,0,2,0.0,102.0
10.0,2.76,59.6,0,2,0.0,144.7
15.5,2.31,80.7,0,2,0.0,143.4
10.0,2.18,75.1,0,3,0.0,126.7
10.0,4.46,83.1,0,3,0.0,195.9
10.0,4.38,91.5,0,3,0.0,187.7
19.2,4.06,84.7,0,3,0.0,176.0
17.5,4.41,71.8,0,3,0.0,195.0
20.0,5.84,72.2,0,3,0.0,215.0
21.6,4.72,70.6,0,3,0.0,182.7
21.9,3.11,67.3,0,3,138.8,147.2
26.7,4.72,56.0,0,3,261.8,199.2
25.0,2.76,54.9,0,3,344.9,149.6
23.8,2.96,38.4,0,3,457.7,172.5
28.9,1.35,40.2,0,3,486.8,118.5
26.6,0.5,31.1,0,3,526.0,107.4
27.7,0.5,25.2,0,3,502.7,103.8
27.3,0.5,27.4,0,3,461.8,105.1
24.7,0.5,29.9,0,3,337.7,85.3
22.1,0.5,31.7,0,3,236.5,93.5
25.1,0.5,43.5,0,3,123.5,100.0
18.9,0.5,40.3,0,3,8.1,107.2
16.6,0.5,57.4,0,3,0.0,103.9
15.9,1.38,61.8,0,3,0.0,108.4
15.2,1.18,58.3,0,3,0.0,117.9
12.7,2.47,64.9,0,3,0.0,136.4
13.3,3.64,63.0,0,3,0.0,181.4
14.2,3.4,71.5,0,4,0.0,176.6
10.0,3.4,80.7,0,4,0.0,161.8
14.1,4.17,65.2,0,4,0.0,182.4
13.2,4.2,66.4,0,4,0.0,191.4
18.4,5.71,70.9,0,4,0.0,220.6
18.9,5.14,58.6,0,4,0.0,202.7
20.7,5.06,68.5,0,4,1.3,208.1
22.4,4.16,59.6,0,4,141.2,184.2
24.5,4.31,56.9,0,4,272.0,171.1
22.8,2.98,52.1,0,4,360.2,149.5
25.4,2.57,47.4,0,4,440.0,133.0
30.6,1.58,32.4,0,4,498.8,121.9
28.6,0.5,30.9,0,4,510.0,107.7
31.6,0.5,20.0,0,4,497.6,94.4
27.0,0.5,20.0,0,4,452.6,102.4
24.3,0.5,34.2,0,4,370.1,92.5
23.7,0.5,40.8,0,4,232.2,98.0
22.7,0.5,35.4,0,4,142.4,94.5
14.6,0.5,49.4,0,4,26.1,105.3
18.2,0.5,48.1,0,4,0.0,98.0
16.7,0.5,47.5,0,4,0.0,121.5
15.1,1.41,54.1,0,4,0.0,119.8
13.1,1.41,68.6,0,4,0.0,113.5
13.5,1.85,76.6,0,4,0.0,122.0
10.0,3.37,78.6,0,5,0.0,168.4
15.8,3.82,67.1,0,5,0.0,190.8
13.5,3.95,79.1,0,5,0.0,183.2
10.7,4.72,72.1,0,5,0.0,190.1
15.9,5.01,69.7,0,5,0.0,199.8
15.2,6.24,76.0,0,5,0.0,241.5
23.8,4.51,69.9,0,5,0.0,187.2
22.1,4.32,65.4,0,5,115.8,175.7
22.3,3.33,62.4,0,5,253.4,172.8
24.6,3.05,47.6,0,5,362.5,163.8
23.0,1.78,44.6,0,5,470.6,125.3
30.7,0.83,46.6,0,5,486.2,111.3
27.5,0.88,31.8,0,5,538.0,108.3
29.2,0.5,42.5,0,5,490.7,116.2
25.5,0.5,36.2,0,5,421.0,100.8
25.5,0.5,42.0,0,5,377.9,108.7
26.0,0.5,20.0,0,5,241.4,99.0
23.9,0.5,45.4,0,5,114.5,75.8
19.9,0.5,35.7,0,5,0.0,99.1
19.0,0.5,59.8,0,5,0.0,109.8
15.6,0.92,51.9,0,5,0.0,113.1
12.3,1.22,59.8,0,5,0.0,105.0
12.5,2.24,67.7,0,5,0.0,147.0
11.8,2.91,74.7,0,5,0.0,135.7
10.8,2.61,85.6,1,6,0.0,145.5
13.8,4.37,71.2,1,6,0.0,182.9
10.0,4.18,78.7,1,6,0.0,167.2
16.5,4.84,79.4,1,6,0.0,188.5
16.6,4.78,70.4,1,6,0.0,210.1
19.1,5.45,69.0,1,6,0.0,224.8
24.3,5.52,65.1,1,6,0.0,194.7
21.4,5.08,60.5,1,6,154.6,197.8
28.3,4.7,54.1,1,6,269.2,189.8
22.6,3.55,57.0,1,6,347.0,155.7
26.8,1.7,40.1,1,6,459.2,141.2
25.0,1.02,42.6,1,6,522.9,116.6
31.9,0.82,40.8,1,6,517.7,117.2
31.0,0.5,30.3,1,6,467.0,86.8
28.1,0.5,34.2,1,6,456.7,92.9
26.6,0.5,39.4,1,6,369.6,103.7
20.1,0.5,32.0,1,6,249.6,109.0
21.6,0.5,39.1,1,6,127.5,84.0
19.0,0.5,38.9,1,6,9.9,103.3
19.8,0.5,46.5,1,6,0.0,104.1
16.8,1.34,63.3,1,6,0.0,118.4
15.4,1.86,68.0,1,6,0.0,118.5
10.3,2.16,69.9,1,6,0.0,138.0
13.2,2.09,80.4,1,6,0.0,148.5
10.3,2.88,73.4,1,7,0.0,149.6
11.3,4.32,77.9,1,7,0.0,168.0
13.5,4.54,91.3,1,7,0.0,171.9
15.3,5.11,72.1,1,7,0.0,217.7
18.8,3.51,73.4,1,7,0.0,162.4
16.3,4.73,64.8,1,7,0.0,204.5
15.3,4.75,73.7,1,7,0.0,206.6
22.9,3.75,69.9,1,7,138.0,163.5
22.6,3.67,53.7,1,7,235.8,155.8
25.7,2.48,44.1,1,7,366.2,144.1
28.0,2.04,41.6,1,7,428.5,140.3
23.5,0.72,28.8,1,7,498.9,105.7
25.1,0.5,28.0,1,7,502.6,114.3
23.5,0.5,42.6,1,7,480.1,103.2
25.4,0.5,22.3,1,7,444.4,81.7
28.7,0.5,25.5,1,7,376.0,98.5
19.1,0.5,30.3,1,7,277.9,91.0
24.0,0.5,24.3,1,7,139.9,96.4
18.8,0.5,43.2,1,7,10.5,103.0
11.7,0.5,51.3,1,7,0.0,109.9
14.0,0.7,44.0,1,7,0.0,125.0
11.6,0.77,56.5,1,7,0.0,96.3
13.5,2.51,71.2,1,7,0.0,155.1
13.9,3.27,75.3,1,7,0.0,172.4
15.9,2.93,84.2,0,1,0.0,153.1
10.0,3.95,72.2,0,1,0.0,165.9
11.5,4.35,80.7,0,1,0.0,171.3
14.7,4.42,86.7,0,1,0.0,193.3
18.8,4.81,72.6,0,1,0.0,201.0
17.0,5.73,71.2,0,1,0.0,216.3
17.4,4.64,77.3,0,1,0.5,190.6
22.4,4.57,65.7,0,1,138.8,195.4
21.3,3.6,39.9,0,1,268.7,176.7
24.3,2.96,58.5,0,1,365.5,156.6
29.1,1.1,40.2,0,1,462.8,117.9
23.9,1.19,33.2,0,1,487.7,106.0
22.9,1.23,30.6,0,1,517.5,106.5
24.4,0.5,25.8,0,1,487.9,118.5
28.9,0.5,29.2,0,1,444.9,100.7
25.6,0.5,35.3,0,1,357.9,107.4
25.2,0.5,22.2,0,1,268.1,119.1
18.9,0.5,34.6,0,1,133.4,91.9
20.8,0.5,33.9,0,1,26.0,104.8
17.7,0.5,50.6,0,1,0.0,103.9
15.8,1.02,55.2,0,1,0.0,106.3
10.0,2.44,67.5,0,1,0.0,140.9
11.1,2.93,57.6,0,1,0.0,153.3
13.7,2.71,60.4,0,1,0.0,140.0
11.7,4.36,64.5,0,2,0.0,180.4
10.9,4.57,77.9,0,2,0.0,184.2
13.1,5.06,74.9,0,2,0.0,201.9
16.3,4.78,81.8,0,2,0.0,194.1
16.1,5.32,67.9,0,2,0.0,188.5
15.9,4.84,75.6,0,2,0.0,177.9
18.4,3.32,67.7,0,2,23.9,164.3
24.0,4.47,58.4,0,2,138.1,173.5
26.6,3.4,63.4,0,2,262.8,167.0
25.1,2.52,51.3,0,2,347.8,157.8
28.2,2.04,54.2,0,2,468.0,136.6
25.0,2.33,44.3,0,2,510.8,137.3
29.5,0.5,26.2,0,2,513.8,103.1
24.2,0.99,39.2,0,2,493.8,122.0
31.1,0.5,45.2,0,2,435.9,89.1
26.3,0.5,29.8,0,2,384.4,85.7
22.2,0.5,30.1,0,2,274.0,88.1
20.9,0.5,33.3,0,2,125.4,115.1
19.3,0.5,47.7,0,2,0.0,104.6
17.6,0.5,46.9,0,2,0.0,121.1
12.1,0.94,51.0,0,2,0.0,107.5
12.0,1.57,71.2,0,2,0.0,125.5
10.3,2.31,82.6,0,2,0.0,137.1
10.5,2.48,53.5,0,2,0.0,136.2
10.0,3.95,69.1,0,3,0.0,191.6
10.0,3.2,81.0,0,3,0.0,144.7
13.5,4.95,65.6,0,3,0.0,207.6
13.1,5.65,87.1,0,3,0.0,209.8
13.3,4.98,80.6,0,3,0.0,177.5
20.4,5.01,70.0,0,3,0.0,215.5
13.1,4.86,57.5,0,3,1.9,203.2
20.5,3.0,58.3,0,3,149.2,144.2
25.9,3.11,57.5,0,3,261.5,167.4
22.4,2.37,49.8,0,3,353.0,162.5
31.1,1.94,40.4,0,3,447.1,118.6
27.2,2.12,33.0,0,3,474.3,140.4
28.2,0.54,31.8,0,3,525.0,101.6
28.1,0.5,38.7,0,3,502.8,116.2
27.5,0.5,34.2,0,3,467.7,102.4
25.1,0.5,28.4,0,3,357.0,113.7
23.3,0.5,26.9,0,3,261.6,104.9
19.3,0.5,41.7,0,3,118.5,116.9
20.2,0.5,39.7,0,3,14.8,93.2
15.7,0.5,35.3,0,3,0.0,100.8
16.2,0.79,52.9,0,3,0.0,105.1
13.3,0.75,62.3,0,3,0.0,118.4
10.0,1.85,70.6,0,3,0.0,130.8
13.0,2.29,83.6,0,3,0.0,127.0
10.0,2.87,81.4,0,4,0.0,149.9
12.8,4.08,81.0,0,4,0.0,185.7
11.2,4.4,81.7,0,4,0.0,187.1
12.1,4.72,79.2,0,4,0.0,189.2
16.4,4.23,84.7,0,4,0.0,170.7
20.6,4.81,75.6,0,4,0.0,205.1
20.5,4.11,59.3,0,4,2.8,186.1
23.1,4.05,53.4,0,4,151.2,174.3
23.9,2.85,57.4,0,4,274.5,160.5
24.1,2.7,44.7,0,4,353.1,151.4
27.3,2.09,40.4,0,4,449.1,143.0
23.2,0.5,39.3,0,4,496.7,98.0
31.3,0.74,34.5,0,4,523.0,101.7
29.8,0.5,33.1,0,4,502.9,102.9
30.4,0.5,25.8,0,4,453.2,102.8
23.0,0.5,39.6,0,4,371.6,99.8
20.9,0.5,36.9,0,4,243.5,109.2
18.6,0.5,44.2,0,4,130.9,95.4
17.9,0.5,50.3,0,4,3.1,102.1
17.5,0.5,56.3,0,4,0.0,104.9
13.7,0.5,53.8,0,4,0.0,84.1
12.5,1.54,56.9,0,4,0.0,115.7
11.5,1.79,82.7,0,4,0.0,139.6
14.5,2.18,64.1,0,4,0.0,151.2
10.2,2.75,73.6,0,5,0.0,153.2
12.4,3.62,83.9,0,5,0.0,168.2
14.2,4.21,76.0,0,5,0.0,174.1
13.0,5.23,93.5,0,5,0.0,209.8
16.7,4.36,77.5,0,5,0.0,189.0
17.7,5.13,70.5,0,5,0.0,190.5
18.8,5.43,69.7,0,5,28.4,195.9
19.1,5.15,61.8,0,5,116.0,207.8
24.8,2.84,54.0,0,5,262.6,141.4
28.1,3.33,46.0,0,5,363.9,155.4
25.5,1.84,53.8,0,5,462.2,134.1
24.8,1.2,44.1,0,5,509.4,139.6
30.0,1.35,34.9,0,5,506.7,127.6
28.8,0.5,40.1,0,5,497.1,102.0
24.2,0.5,20.0,0,5,448.9,95.8
23.3,0.5,35.7,0,5,355.3,92.5
25.1,0.5,33.8,0,5,263.4,109.6
18.7,0.5,33.4,0,5,164.3,119.3
19.1,0.5,26.1,0,5,0.0,114.0
19.5,0.5,42.3,0,5,0.0,103.5
17.1,0.74,47.8,0,5,0.0,110.4
11.4,0.75,66.3,0,5,0.0,122.5
13.7,1.71,67.4,0,5,0.0,120.3
10.0,3.2,78.6,0,5,0.0,175.5
10.3,4.5,70.3,1,6,0.0,171.5
10.7,3.82,82.8,1,6,0.0,162.1
11.7,4.38,67.6,1,6,0.0,178.5
17.2,5.01,83.8,1,6,0.0,212.2
18.5,3.8,71.7,1,6,0.0,180.1
15.9,4.71,68.5,1,6,0.0,205.7
17.8,5.2,62.0,1,6,12.3,213.6
23.6,3.33,58.2,1,6,134.6,152.6
24.6,3.07,67.6,1,6,267.8,171.2
25.4,3.24,58.9,1,6,362.1,144.1
26.3,2.49,49.1,1,6,440.0,125.1
26.2,1.04,35.1,1,6,529.7,114.1
27.1,0.5,34.2,1,6,519.3,105.5
27.8,0.5,33.9,1,6,509.4,94.3
24.0,0.5,33.0,1,6,422.9,105.8
21.9,0.5,32.5,1,6,392.7,87.4
23.5,0.5,36.4,1,6,253.5,96.6
19.1,0.5,40.5,1,6,129.3,94.4
17.1,0.5,35.2,1,6,0.0,103.7
21.1,0.5,49.8,1,6,0.0,87.2
17.3,1.4,51.9,1,6,0.0,96.3
11.6,1.16,72.7,1,6,0.0,118.5
11.7,1.65,77.3,1,6,0.0,105.3
10.2,2.26,68.9,1,6,0.0,138.7
11.3,4.29,71.8,1,7,0.0,177.6
12.0,3.95,80.0,1,7,0.0,181.3
10.8,3.92,95.0,1,7,0.0,183.3
10.2,4.73,78.3,1,7,0.0,166.8
15.9,4.31,78.9,1,7,0.0,176.3
16.8,4.27,69.3,1,7,0.0,165.5
21.9,3.82,66.2,1,7,0.0,165.8
22.2,4.79,53.3,1,7,108.0,191.5
23.7,2.99,51.8,1,7,259.9,166.3
22.7,2.4,52.0,1,7,343.5,141.2
27.2,1.94,25.2,1,7,471.0,133.8
25.0,0.92,49.7,1,7,509.5,113.7
26.1,0.5,32.8,1,7,540.1,112.2
24.1,0.5,36.0,1,7,490.4,130.1
23.6,0.5,31.6,1,7,435.6,98.3
27.7,0.5,28.5,1,7,370.0,111.3
26.5,0.5,35.4,1,7,266.1,101.6
21.6,0.5,47.9,1,7,134.1,94.1
18.8,0.5,47.2,1,7,0.0,91.3
19.5,0.5,56.8,1,7,0.0,114.2
15.1,0.5,58.0,1,7,0.0,110.2
12.3,1.28,57.7,1,7,0.0,127.6
10.0,1.46,59.8,1,7,0.0,123.7
14.4,2.67,62.1,1,7,0.0,165.5
10.0,3.21,80.3,1,1,0.0,155.5
10.0,4.5,84.7,1,1,0.0,183.4
14.9,4.91,74.6,1,1,0.0,184.6
15.4,4.74,76.1,1,1,0.0,194.7
17.6,5.35,75.6,1,1,0.0,211.8
16.5,4.82,71.6,1,1,0.0,192.4
18.7,5.78,74.1,1,1,8.6,218.3
22.5,4.2,69.8,1,1,133.0,192.9
24.1,3.57,57.2,1,1,258.9,162.7
23.5,2.18,38.8,1,1,363.3,138.9
25.9,0.59,53.5,1,1,454.9,122.0
25.1,2.36,30.6,1,1,480.8,142.0
28.5,0.5,38.3,1,1,509.7,95.3
29.2,0.5,37.3,1,1,474.8,112.3
31.3,0.5,34.2,1,1,444.0,102.8
22.2,0.5,34.3,1,1,381.9,93.3
22.4,0.5,32.3,1,1,257.7,92.8
25.4,0.5,29.4,1,1,103.9,94.5
17.3,0.5,37.8,1,1,21.0,108.8
17.0,0.5,37.9,1,1,0.0,92.4
17.1,2.04,58.5,1,1,0.0,131.3
14.1,1.28,56.4,1,1,0.0,105.6
10.4,2.39,60.4,1,1,0.0,128.8
15.8,2.31,71.1,1,1,0.0,135.2
11.8,3.85,83.4,0,2,0.0,172.9
11.4,5.53,85.8,0,2,0.0,212.7
11.8,4.52,71.4,0,2,0.0,207.5
15.2,3.4,87.7,0,2,0.0,161.3
17.2,4.48,73.4,0,2,0.0,185.9
13.2,4.86,72.1,0,2,0.0,197.1
18.6,5.23,68.3,0,2,17.3,206.9
21.6,4.23,54.0,0,2,134.0,181.1
26.5,3.63,61.0,0,2,274.6,173.8
25.3,2.77,41.8,0,2,365.3,145.9
29.1,1.25,39.5,0,2,452.9,117.0
27.9,1.33,26.7,0,2,524.1,112.7
26.9,0.5,32.7,0,2,524.8,103.0
29.1,0.5,28.5,0,2,506.7,93.1
28.6,0.5,23.1,0,2,440.2,127.3
24.3,0.5,22.0,0,2,355.6,92.5
23.0,0.5,27.6,0,2,277.1,110.5
22.8,0.5,33.8,0,2,139.4,89.3
17.3,0.5,55.8,0,2,16.6,98.5
14.4,0.5,52.5,0,2,0.0,98.6
17.7,0.5,49.6,0,2,0.0,101.8
11.4,0.81,56.5,0,2,0.0,93.0
12.8,2.75,68.4,0,2,0.0,163.8
13.6,2.82,72.8,0,2,0.0,148.2
10.0,3.8,68.7,0,3,0.0,173.5
11.6,3.27,80.3,0,3,0.0,150.7
15.5,3.66,94.8,0,3,0.0,172.0
10.0,4.86,80.7,0,3,0.0,191.3
13.3,5.68,76.9,0,3,0.0,209.7
16.5,5.39,61.3,0,3,0.0,219.5
16.9,3.51,80.6,0,3,2.8,167.8
15.2,3.96,64.6,0,3,147.5,173.3
25.2,3.09,45.1,0,3,236.8,168.0
21.8,2.94,46.7,0,3,386.4,150.3
27.9,2.02,41.4,0,3,426.5,147.4
28.8,0.94,48.7,0,3,492.0,98.5
28.5,0.5,36.4,0,3,510.3,104.9
26.7,0.5,50.5,0,3,466.6,92.6
23.6,0.5,32.3,0,3,442.6,98.2
24.4,0.5,36.7,0,3,373.4,106.0
25.6,0.5,35.9,0,3,248.8,92.4
18.9,0.5,24.3,0,3,132.3,112.3
18.0,0.5,50.4,0,3,0.0,102.8
18.1,0.5,46.7,0,3,0.0,82.1
14.6,0.77,58.2,0,3,0.0,118.9
13.2,2.0,56.5,0,3,0.0,152.2
15.4,2.06,65.2,0,3,0.0,138.5
10.0,2.3,64.3,0,3,0.0,140.3
12.1,3.14,84.1,0,4,0.0,151.2
12.3,5.3,81.5,0,4,0.0,191.3
12.1,4.74,77.3,0,4,0.0,185.8
17.2,5.76,72.9,0,4,0.0,204.9
18.8,5.15,83.3,0,4,0.0,210.0
17.4,5.41,79.1,0,4,0.0,203.0
21.3,4.56,61.4,0,4,0.0,185.3
24.2,4.23,57.8,0,4,121.5,184.0
23.2,3.97,44.0,0,4,234.2,174.7
28.0,2.47,45.0,0,4,382.0,143.5
28.1,1.35,52.1,0,4,456.0,98.9
26.0,1.59,34.4,0,4,508.7,117.9
27.7,0.5,32.1,0,4,535.1,122.2
24.0,0.5,29.1,0,4,500.6,108.5
30.0,0.5,28.6,0,4,448.6,101.7
26.7,0.5,27.8,0,4,331.6,89.9
20.0,0.5,29.7,0,4,244.0,68.7
25.1,0.5,34.4,0,4,148.5,102.4
17.6,0.5,54.2,0,4,0.0,91.6
13.1,0.5,50.8,0,4,0.0,78.5
12.9,0.5,55.0,0,4,0.0,99.8
14.8,0.68,68.0,0,4,0.0,101.8
16.3,2.93,74.0,0,4,0.0,170.3
13.6,3.98,81.3,0,4,0.0,186.4
14.6,4.7,78.2,0,5,0.0,190.2
12.7,4.17,70.4,0,5,0.0,174.2
14.4,5.55,86.4,0,5,0.0,211.2
10.0,4.62,77.3,0,5,0.0,192.3
16.5,5.51,74.7,0,5,0.0,206.4
17.6,5.63,68.7,0,5,0.0,216.8
19.7,5.16,62.9,0,5,0.0,197.0
22.8,3.69,63.1,0,5,137.2,166.7
22.8,3.56,56.4,0,5,284.3,158.4
25.1,1.83,51.1,0,5,361.8,126.6
27.2,1.67,38.3,0,5,452.4,121.1
26.7,2.21,35.7,0,5,489.6,133.1
26.2,0.5,25.5,0,5,526.4,97.2
26.8,0.64,39.9,0,5,490.4,95.5
28.1,0.5,27.3,0,5,436.6,104.2
22.2,0.5,27.1,0,5,345.9,100.9
22.8,0.5,43.7,0,5,246.8,93.9
23.0,0.5,39.3,0,5,143.1,115.2
15.1,0.5,49.4,0,5,0.0,92.5
15.8,0.5,50.2,0,5,0.0,111.8
13.6,0.5,64.2,0,5,0.0,101.8
14.9,1.21,65.1,0,5,0.0,119.2
10.0,1.59,62.8,0,5,0.0,115.7
10.5,1.87,76.5,0,5,0.0,114.0
10.0,3.7,72.8,1,6,0.0,170.7
12.6,3.26,83.0,1,6,0.0,161.5
12.5,4.28,72.8,1,6,0.0,200.5
10.7,5.91,77.3,1,6,0.0,209.2
13.8,4.7,69.3,1,6,0.0,189.3
21.7,4.2,73.4,1,6,0.0,171.7
21.1,4.36,50.1,1,6,0.0,175.4
23.2,3.91,67.9,1,6,124.3,184.0
21.8,4.84,50.1,1,6,271.4,199.6
23.7,2.69,33.5,1,6,371.2,150.4
19.7,1.24,37.3,1,6,452.5,115.6
28.8,0.61,41.6,1,6,505.5,101.6
31.8,0.8,26.6,1,6,528.8,101.6
29.8,0.5,20.0,1,6,493.8,106.4
28.7,0.5,41.7,1,6,457.5,109.0
25.0,0.5,26.7,1,6,346.2,103.4
24.3,0.5,38.9,1,6,241.1,105.3
24.2,0.5,44.9,1,6,126.9,93.6
19.4,0.5,43.9,1,6,0.0,93.2
19.6,0.5,47.3,1,6,0.0,87.7
18.5,0.83,43.6,1,6,0.0,117.5
14.1,2.18,63.0,1,6,0.0,141.7
13.1,1.64,71.5,1,6,0.0,135.9
10.0,2.19,71.9,1,6,0.0,139.7
10.0,3.2,68.7,1,7,0.0,171.1
11.8,4.64,89.3,1,7,0.0,190.1
17.6,5.46,68.3,1,7,0.0,210.2
15.8,4.45,73.3,1,7,0.0,182.2
17.4,4.29,72.3,1,7,0.0,194.5
20.4,4.7,70.6,1,7,0.0,208.2
20.5,4.18,56.2,1,7,1.1,175.4
22.1,3.79,54.1,1,7,157.4,182.3
27.6,3.82,52.0,1,7,258.3,176.3
25.1,1.01,59.8,1,7,370.9,111.6
26.9,1.64,46.8,1,7,451.0,131.7
26.9,1.45,30.4,1,7,503.4,128.6
23.3,0.81,29.5,1,7,497.4,99.4
29.5,0.5,28.2,1,7,507.2,105.4
26.3,0.5,36.8,1,7,449.0,107.6
26.0,0.5,37.1,1,7,349.6,94.0
25.8,0.5,36.1,1,7,276.2,102.8
18.5,0.5,29.0,1,7,131.2,89.3
22.9,0.5,51.9,1,7,13.5,94.1
18.3,0.5,54.9,1,7,0.0,96.9
12.7,0.5,47.7,1,7,0.0,97.0
13.5,1.62,74.1,1,7,0.0,115.8
10.0,3.42,83.4,1,7,0.0,152.4
14.0,2.71,71.9,1,7,0.0,153.0
10.0,3.31,81.3,0,1,0.0,165.3
13.9,3.9,80.4,0,1,0.0,171.4
14.3,4.36,76.7,0,1,0.0,196.0
15.1,5.39,67.1,0,1,0.0,205.8
14.9,4.63,74.2,0,1,0.0,172.7
21.6,5.19,72.4,0,1,0.0,189.6
18.0,4.53,77.1,0,1,6.8,183.7
22.8,5.13,68.4,0,1,144.1,208.6
24.7,4.17,62.7,0,1,268.4,177.8
23.1,2.61,48.0,0,1,378.8,119.9
32.8,2.9,40.7,0,1,452.7,147.9
27.8,1.14,36.7,0,1,480.2,115.4
28.0,0.58,31.8,0,1,512.2,105.0
30.3,0.5,32.4,0,1,518.4,98.4
29.5,0.5,24.0,0,1,443.6,107.2
19.0,0.5,27.6,0,1,357.6,95.3
23.5,0.5,35.6,0,1,263.0,109.1
24.2,0.5,50.4,0,1,123.2,108.8
21.2,0.5,55.7,0,1,6.4,91.2
22.4,0.5,46.4,0,1,0.0,94.6
13.8,0.5,45.4,0,1,0.0,120.5
15.5,1.78,69.7,0,1,0.0,111.4
10.0,1.52,64.2,0,1,0.0,118.9
12.3,2.8,67.6,0,1,0.0,141.6
10.2,3.35,68.7,0,2,0.0,152.4
11.5,3.48,73.2,0,2,0.0,165.0
10.6,5.14,82.8,0,2,0.0,195.2
14.7,5.31,80.1,0,2,0.0,211.5
17.6,5.08,81.4,0,2,0.0,197.2
18.3,5.1,76.2,0,2,0.0,188.0
17.3,4.74,62.4,0,2,7.7,193.4
20.4,3.83,61.7,0,2,127.1,171.6
26.7,4.33,56.8,0,2,266.8,200.8
28.4,3.22,58.5,0,2,375.3,154.0
27.2,2.8,38.4,0,2,449.6,149.3
28.8,0.95,49.4,0,2,518.7,103.3
23.5,0.64,31.6,0,2,492.3,104.1
29.6,0.5,31.2,0,2,499.5,86.7
23.3,0.5,28.9,0,2,459.5,107.1
24.6,0.5,33.7,0,2,330.1,92.7
22.0,0.5,27.7,0,2,255.6,99.4
20.0,0.5,29.8,0,2,142.5,93.3
23.0,0.5,53.2,0,2,0.0,105.0
18.0,0.5,44.0,0,2,0.0,95.9
14.8,1.0,56.3,0,2,0.0,109.8
13.1,0.53,58.9,0,2,0.0,95.8
12.4,2.34,65.6,0,2,0.0,119.6
11.6,1.77,64.2,0,2,0.0,141.7
12.4,3.51,76.5,0,3,0.0,161.8
12.8,3.29,83.3,0,3,0.0,170.6
14.8,3.59,75.9,0,3,0.0,150.9
11.5,6.36,83.4,0,3,0.0,238.3
13.8,4.77,80.8,0,3,0.0,189.2
14.0,6.87,71.7,0,3,0.0,242.3
19.0,4.67,76.5,0,3,0.0,191.2
20.6,4.98,69.7,0,3,114.8,187.2
23.6,3.7,52.4,0,3,249.9,171.2
19.8,2.12,44.1,0,3,353.7,138.3
27.0,2.78,51.3,0,3,441.0,144.5
26.8,0.96,41.2,0,3,508.7,123.8
31.9,0.57,41.0,0,3,535.3,113.3
29.6,0.5,26.2,0,3,499.3,116.3
25.8,0.5,35.9,0,3,467.9,71.9
22.4,0.5,25.1,0,3,370.3,104.9
24.9,0.5,24.8,0,3,249.3,85.3
23.9,0.5,48.2,0,3,143.3,114.7
18.1,0.5,44.4,0,3,2.8,114.0
18.0,0.5,58.7,0,3,0.0,113.5
15.3,1.21,62.9,0,3,0.0,121.6
14.8,0.5,62.3,0,3,0.0,102.7
10.0,1.29,78.7,0,3,0.0,118.3
12.2,2.63,76.7,0,3,0.0,157.7
10.9,3.25,76.8,0,4,0.0,164.7
10.5,4.4,87.7,0,4,0.0,185.5
13.6,4.34,83.3,0,4,0.0,196.2
12.5,4.33,77.0,0,4,0.0,191.0
12.9,6.4,85.7,0,4,0.0,239.5
13.7,6.41,68.5,0,4,0.0,212.5
20.7,3.93,68.2,0,4,0.0,168.5
22.2,3.35,56.2,0,4,173.0,168.5
21.5,3.28,55.2,0,4,272.3,164.3
27.3,2.59,57.8,0,4,351.4,168.7
22.3,1.56,38.1,0,4,475.3,139.2
26.6,2.68,39.9,0,4,502.6,148.4
27.0,0.5,37.6,0,4,517.0,116.1
20.5,0.5,35.9,0,4,498.9,103.1
28.8,0.5,27.9,0,4,473.3,79.8
23.7,0.5,38.5,0,4,359.2,92.2
22.2,0.5,29.0,0,4,247.4,109.4
20.4,0.5,25.5,0,4,134.1,87.7
24.4,0.5,36.9,0,4,0.0,90.0
15.3,0.5,46.5,0,4,0.0,101.8
18.2,0.8,62.8,0,4,0.0,104.6
16.9,0.88,73.8,0,4,0.0,104.7
11.4,1.39,63.1,0,4,0.0,124.9
10.0,3.14,77.1,0,4,0.0,174.5
12.7,3.95,71.3,0,5,0.0,188.2
11.5,5.32,79.5,0,5,0.0,210.0
13.9,3.6,82.6,0,5,0.0,160.6
17.9,4.77,72.1,0,5,0.0,181.9
18.8,4.58,80.4,0,5,0.0,185.8
18.7,4.28,89.8,0,5,0.0,182.2
17.8,4.53,65.1,0,5,0.0,191.0
21.6,4.05,60.7,0,5,147.0,185.2
24.5,1.68,57.1,0,5,268.4,141.7
23.1,2.62,44.3,0,5,367.4,164.9
27.5,2.15,43.0,0,5,422.1,138.1
27.2,1.66,36.0,0,5,500.0,115.7
23.2,0.94,37.4,0,5,537.0,103.9
24.0,0.5,28.4,0,5,498.7,94.9
22.3,0.5,22.0,0,5,438.3,112.1
28.9,0.5,20.0,0,5,389.6,101.2
26.6,0.5,20.3,0,5,284.7,86.1
21.6,0.5,33.7,0,5,135.0,95.4
16.3,0.5,50.0,0,5,0.0,88.5
16.8,0.82,53.0,0,5,0.0,116.9
16.5,0.57,59.6,0,5,0.0,88.4
15.5,1.97,53.6,0,5,0.0,150.1
12.6,1.51,68.4,0,5,0.0,117.0
12.8,1.81,62.6,0,5,0.0,129.7
12.3,4.63,77.4,1,6,0.0,182.0
13.5,3.81,79.6,1,6,0.0,184.1
10.0,3.23,78.5,1,6,0.0,162.5
16.7,5.16,75.2,1,6,0.0,201.2
17.9,4.76,76.8,1,6,0.0,184.7
18.9,5.88,71.5,1,6,0.0,218.7
14.4,4.8,70.7,1,6,0.0,199.7
19.7,3.91,50.8,1,6,129.4,179.0
22.1,3.55,52.7,1,6,260.0,168.5
27.0,2.7,46.1,1,6,355.2,145.9
31.2,1.45,40.5,1,6,444.5,118.6
28.0,0.5,44.6,1,6,481.2,78.3
25.4,0.5,51.4,1,6,490.4,94.1
27.2,0.5,21.6,1,6,489.1,90.0
27.1,0.5,35.9,1,6,440.7,108.1
26.0,0.5,26.6,1,6,367.0,125.4
24.3,0.5,27.5,1,6,291.4,97.0
23.7,0.5,39.2,1,6,125.4,94.6
23.4,0.5,48.0,1,6,6.9,121.2
17.6,0.5,38.4,1,6,0.0,89.0
18.5,0.5,52.2,1,6,0.0,92.7
12.7,2.05,64.2,1,6,0.0,145.9
12.6,2.02,59.1,1,6,0.0,126.2
11.9,2.82,83.5,1,6,0.0,125.0
12.1,2.63,69.9,1,7,0.0,141.2
10.0,4.24,69.3,1,7,0.0,205.7
10.0,4.43,62.3,1,7,0.0,193.8
15.5,4.94,85.4,1,7,0.0,215.9
14.3,4.13,73.8,1,7,0.0,185.4
14.7,4.85,78.5,1,7,0.0,187.3
22.3,3.47,65.2,1,7,0.2,168.2
23.0,4.1,58.9,1,7,124.8,188.1
22.1,4.01,55.1,1,7,268.0,170.9
26.7,2.9,44.4,1,7,374.1,165.5
28.7,2.29,34.6,1,7,427.1,150.0
28.3,0.52,36.5,1,7,519.5,94.3
27.0,0.5,45.5,1,7,522.4,100.0
27.1,0.5,42.6,1,7,509.7,104.3
28.9,0.5,37.5,1,7,464.4,94.4
24.9,0.5,21.3,1,7,365.7,103.8
22.2,0.5,29.1,1,7,268.9,102.6
22.4,0.5,40.8,1,7,144.5,109.1
20.2,0.5,35.2,1,7,0.0,105.4
21.3,0.5,57.3,1,7,0.0,92.9
15.4,0.5,65.9,1,7,0.0,106.2
16.7,0.5,65.6,1,7,0.0,100.9
11.9,2.4,69.1,1,7,0.0,136.7
13.4,2.87,61.2,1,7,0.0,151.7
12.2,3.78,68.5,0,1,0.0,193.3
10.5,3.92,82.6,0,1,0.0,171.8
11.9,4.4,85.0,0,1,0.0,191.6
10.5,4.41,85.8,0,1,0.0,189.8
12.9,5.54,72.4,0,1,0.0,219.7
17.5,4.58,86.4,0,1,0.0,180.4
17.7,4.37,70.5,0,1,1.1,177.0
20.8,3.43,53.7,0,1,140.5,161.9
21.9,4.14,60.7,0,1,208.6,159.1
21.4,3.48,40.7,0,1,303.9,167.7
24.5,1.6,43.7,0,1,400.3,127.6
23.9,2.16,42.0,0,1,433.4,136.7
24.2,2.01,35.9,0,1,441.9,115.0
23.1,0.5,24.8,0,1,440.4,101.0
23.7,0.5,20.2,0,1,418.5,105.1
21.1,0.5,24.5,0,1,334.3,103.6
22.1,0.5,36.9,0,1,227.6,92.5
18.8,0.5,49.1,0,1,123.7,115.8
18.5,0.5,46.6,0,1,0.0,87.1
15.2,0.5,57.1,0,1,0.0,96.7
12.8,0.5,55.4,0,1,0.0,106.6
11.7,1.79,64.6,0,1,0.0,142.7
