temperature,vent,humidite,ferie,jour_semaine
11.0,3.42,81.2,0,1
10.0,5.07,84.5,0,1
10.0,4.32,81.7,0,1
10.9,4.29,81.3,0,1
16.4,4.86,77.1,0,1
15.4,4.21,75.3,0,1
15.8,5.71,67.4,0,1
19.2,2.95,52.2,0,1
20.3,3.32,44.7,0,1
22.6,1.72,50.8,0,1
25.1,2.56,36.6,0,1
22.8,1.11,29.6,0,1
23.9,1.1,35.9,0,1
23.7,0.82,20.0,0,1
23.2,0.5,28.5,0,1
20.3,0.5,37.3,0,1
20.7,0.5,28.4,0,1
19.4,0.5,37.4,0,1
16.3,0.5,41.4,0,1
15.7,0.5,35.1,0,1
18.4,0.5,57.1,0,1
14.3,1.67,67.0,0,1
10.0,2.35,82.8,0,1
10.4,2.47,61.8,0,1
10.9,2.95,87.5,0,2
11.9,3.38,80.7,0,2
11.3,4.75,85.5,0,2
13.1,5.08,80.9,0,2
14.0,5.18,71.7,0,2
12.8,5.29,65.9,0,2
15.4,5.18,70.4,0,2
17.3,3.59,55.8,0,2
22.2,3.51,65.2,0,2
20.2,2.13,51.9,0,2
22.9,1.49,31.9,0,2
21.3,1.33,40.0,0,2
21.7,0.71,37.3,0,2
21.9,0.5,34.4,0,2
25.3,0.5,34.6,0,2
21.5,0.5,31.4,0,2
17.3,0.5,41.0,0,2
20.2,0.5,38.8,0,2
18.3,0.5,43.8,0,2
15.0,0.5,54.6,0,2
12.6,0.5,67.4,0,2
13.9,2.5,68.7,0,2
13.5,1.58,70.6,0,2
10.1,0.83,65.5,0,2
13.3,2.64,73.6,0,3
10.0,4.82,79.2,0,3
11.3,4.24,80.5,0,3
13.4,5.85,70.5,0,3
13.2,5.35,78.6,0,3
14.2,4.54,78.6,0,3
18.8,4.78,73.2,0,3
20.3,4.49,61.3,0,3
21.6,3.38,53.5,0,3
24.6,2.79,53.3,0,3
23.3,2.36,36.8,0,3
26.1,1.7,41.7,0,3
24.2,0.5,40.2,0,3
24.6,0.5,25.1,0,3
22.1,0.5,20.0,0,3
22.6,0.5,36.9,0,3
20.5,0.5,35.6,0,3
18.6,0.5,42.2,0,3
17.2,0.5,42.7,0,3
19.5,0.5,54.6,0,3
11.9,0.5,50.8,0,3
10.5,1.31,63.9,0,3
10.0,1.46,70.9,0,3
12.6,2.49,60.7,0,3
12.5,2.54,72.5,0,4
10.0,4.5,71.7,0,4
12.0,5.03,72.1,0,4
12.7,4.45,90.0,0,4
13.6,6.24,88.9,0,4
16.5,5.72,65.9,0,4
13.5,3.89,53.2,0,4
19.0,5.1,51.8,0,4
20.4,2.26,54.4,0,4
20.1,2.47,41.1,0,4
24.1,1.68,36.9,0,4
21.4,2.4,37.6,0,4
23.6,0.87,38.7,0,4
19.2,0.5,40.4,0,4
23.7,1.25,37.8,0,4
22.4,0.5,20.9,0,4
22.3,0.5,43.7,0,4
19.9,0.5,36.0,0,4
20.8,0.5,46.4,0,4
13.5,0.5,42.7,0,4
13.0,0.5,51.0,0,4
10.1,1.28,66.7,0,4
10.0,2.34,62.2,0,4
10.3,2.93,66.3,0,4
10.0,2.77,72.1,0,5
10.0,4.73,75.1,0,5
12.0,5.46,62.7,0,5
11.6,5.12,74.9,0,5
15.8,5.15,79.0,0,5
14.3,5.13,69.7,0,5
18.7,4.4,75.9,0,5
15.1,3.91,61.6,0,5
22.2,2.17,56.6,0,5
22.6,2.53,53.0,0,5
22.1,1.49,48.3,0,5
24.7,1.42,44.6,0,5
23.1,0.73,38.6,0,5
24.6,1.0,25.4,0,5
24.4,0.5,32.0,0,5
22.2,0.5,34.2,0,5
24.3,0.5,44.5,0,5
18.9,0.5,25.5,0,5
15.0,0.5,48.3,0,5
14.5,0.88,46.7,0,5
13.0,0.5,54.6,0,5
15.7,1.9,59.6,0,5
11.1,2.01,67.3,0,5
10.0,2.45,72.4,0,5
10.2,3.35,87.2,1,6
12.7,2.88,76.7,1,6
10.0,3.93,92.3,1,6
13.5,4.22,75.5,1,6
14.9,4.86,74.0,1,6
14.5,5.59,65.1,1,6
16.4,4.79,58.7,1,6
20.9,3.7,51.6,1,6
24.0,2.25,66.9,1,6
22.7,2.75,56.3,1,6
22.9,2.18,30.5,1,6
23.4,1.23,39.8,1,6
22.0,0.74,21.4,1,6
25.7,0.88,38.0,1,6
23.1,0.5,24.9,1,6
19.1,0.5,21.4,1,6
25.8,0.5,34.6,1,6
19.1,0.64,36.6,1,6
20.5,0.5,55.2,1,6
17.1,0.5,37.5,1,6
13.4,0.87,56.2,1,6
13.3,1.56,69.0,1,6
10.8,1.0,70.5,1,6
10.0,2.13,80.0,1,6
10.1,3.52,83.2,1,7
10.0,3.86,77.0,1,7
13.4,4.06,78.7,1,7
12.4,5.52,68.7,1,7
13.7,5.64,73.0,1,7
14.5,4.63,82.9,1,7
16.2,4.43,58.1,1,7
18.7,4.26,72.3,1,7
20.4,3.9,47.1,1,7
22.5,4.25,44.1,1,7
21.8,2.71,52.4,1,7
22.7,1.6,38.7,1,7
22.8,0.5,35.4,1,7
23.4,0.5,21.2,1,7
22.0,0.5,29.9,1,7
21.0,0.5,35.6,1,7
21.7,0.5,39.1,1,7
21.6,0.5,36.2,1,7
17.7,0.5,42.7,1,7
12.5,0.5,53.0,1,7
13.9,0.65,66.0,1,7
13.3,1.34,58.3,1,7
10.0,2.08,62.6,1,7
10.0,3.0,83.6,1,7
13.8,2.63,61.3,0,1
10.0,4.55,80.9,0,1
12.7,4.99,79.3,0,1
10.0,4.48,78.8,0,1
14.2,4.25,86.8,0,1
15.9,5.17,76.7,0,1
19.7,4.72,72.5,0,1
22.4,4.1,51.5,0,1
19.2,3.23,41.8,0,1
23.5,3.25,51.5,0,1
20.7,2.9,48.6,0,1
19.7,1.08,32.5,0,1
25.3,0.5,37.4,0,1
22.5,0.5,33.6,0,1
22.0,0.5,31.4,0,1
22.3,0.5,27.5,0,1
19.4,0.5,48.3,0,1
19.1,0.5,30.2,0,1
18.3,0.5,53.5,0,1
17.3,0.89,45.3,0,1
13.2,1.03,59.6,0,1
14.8,0.85,64.2,0,1
10.0,1.6,67.3,0,1
10.0,3.24,52.7,0,1
10.0,2.83,67.6,0,2
10.9,4.09,82.5,0,2
12.9,4.3,69.1,0,2
13.8,4.69,76.7,0,2
14.3,5.26,83.9,0,2
14.8,4.85,72.4,0,2
18.5,4.55,68.1,0,2
20.8,2.38,76.1,0,2
21.7,2.87,50.6,0,2
23.7,3.07,49.6,0,2
23.5,2.63,50.2,0,2
27.0,0.54,39.4,0,2
24.6,0.75,44.6,0,2
26.1,0.5,35.0,0,2
22.8,0.5,28.8,0,2
25.1,0.5,23.9,0,2
23.8,0.5,28.5,0,2
13.8,0.5,27.6,0,2
19.8,0.5,46.7,0,2
15.4,0.5,43.3,0,2
13.3,0.5,47.3,0,2
13.9,0.5,54.5,0,2
10.5,2.33,60.7,0,2
10.0,2.97,61.5,0,2
11.1,3.63,86.2,1,3
10.5,4.45,79.5,1,3
10.0,3.76,92.2,1,3
10.6,5.43,77.1,1,3
14.1,4.5,91.7,1,3
16.5,5.15,71.4,1,3
16.7,5.18,83.0,1,3
24.0,3.64,72.9,1,3
23.8,3.27,53.6,1,3
19.5,2.8,43.1,1,3
24.7,0.8,45.1,1,3
24.6,0.8,36.9,1,3
22.2,0.6,23.5,1,3
26.2,0.53,35.1,1,3
23.3,0.79,32.8,1,3
21.6,0.5,37.5,1,3
21.5,0.5,20.0,1,3
20.5,0.5,36.6,1,3
17.6,0.5,49.4,1,3
13.4,0.5,48.5,1,3
13.4,0.99,64.7,1,3
10.0,0.58,59.3,1,3
11.1,2.32,67.0,1,3
10.0,2.21,71.7,1,3
13.1,4.23,75.2,0,4
10.0,3.75,77.0,0,4
11.3,4.6,83.1,0,4
10.0,3.37,85.7,0,4
11.2,3.92,80.4,0,4
10.0,4.57,75.4,0,4
17.0,4.95,68.3,0,4
18.8,3.56,58.4,0,4
17.8,2.53,65.3,0,4
20.7,3.87,53.3,0,4
24.5,2.18,51.6,0,4
24.7,0.82,51.4,0,4
21.3,0.5,41.8,0,4
26.1,0.5,37.8,0,4
22.4,0.5,39.3,0,4
20.7,0.5,31.3,0,4
21.6,0.5,30.8,0,4
22.9,0.5,35.8,0,4
18.7,0.5,41.3,0,4
16.2,0.5,53.2,0,4
10.9,0.74,50.4,0,4
14.5,1.24,63.6,0,4
16.1,2.34,55.2,0,4
12.8,3.18,71.7,0,4
10.0,3.15,80.8,0,5
10.0,4.39,87.5,0,5
11.0,4.13,84.5,0,5
10.3,4.64,84.2,0,5
12.7,5.13,83.2,0,5
12.1,5.66,68.8,0,5
17.4,5.52,81.5,0,5
20.0,4.59,57.6,0,5
19.6,3.92,61.7,0,5
21.6,2.35,35.5,0,5
24.3,1.39,55.5,0,5
21.8,1.0,44.9,0,5
21.8,0.58,21.0,0,5
20.6,0.5,27.1,0,5
26.6,0.5,26.8,0,5
22.6,0.5,39.4,0,5
18.8,0.5,35.9,0,5
18.3,0.5,32.1,0,5
16.4,0.5,46.1,0,5
12.7,0.5,39.0,0,5
10.3,1.2,49.9,0,5
14.3,0.61,61.9,0,5
11.3,1.78,61.7,0,5
10.0,3.04,79.0,0,5
11.2,4.73,76.8,1,6
13.0,3.73,73.6,1,6
11.2,5.57,82.3,1,6
10.0,5.43,78.6,1,6
14.1,4.55,73.7,1,6
12.3,5.45,68.0,1,6
16.1,5.37,68.0,1,6
17.5,4.74,59.1,1,6
24.6,2.86,55.2,1,6
19.8,3.03,47.2,1,6
24.2,2.2,43.9,1,6
24.1,2.01,30.3,1,6
19.8,0.5,42.4,1,6
25.4,0.5,29.2,1,6
26.3,0.5,38.5,1,6
22.8,0.5,24.5,1,6
19.6,0.5,35.3,1,6
20.6,0.5,38.2,1,6
18.0,0.5,45.0,1,6
16.0,0.5,53.2,1,6
11.6,1.16,54.2,1,6
11.0,1.17,63.8,1,6
10.1,2.31,65.7,1,6
10.0,3.43,68.9,1,6
13.7,3.37,74.2,1,7
11.8,3.15,71.8,1,7
14.4,4.54,78.8,1,7
10.2,5.04,86.0,1,7
15.5,3.38,81.4,1,7
16.2,5.72,71.7,1,7
19.6,5.58,72.7,1,7
17.1,5.42,60.2,1,7
23.9,3.13,56.4,1,7
21.9,2.52,43.7,1,7
24.6,2.05,32.3,1,7
26.4,0.5,38.1,1,7
22.5,0.5,27.8,1,7
23.6,0.5,20.3,1,7
24.1,0.5,36.3,1,7
23.7,0.5,24.6,1,7
18.5,0.5,33.9,1,7
19.7,0.5,47.2,1,7
17.5,0.5,44.5,1,7
15.4,0.5,47.1,1,7
12.4,0.56,56.1,1,7
10.3,1.81,64.5,1,7
10.0,2.55,74.5,1,7
10.0,2.95,74.5,1,7
11.6,2.45,85.8,0,1
12.5,3.47,76.3,0,1
10.3,5.07,89.2,0,1
11.6,3.89,73.5,0,1
11.0,4.64,76.5,0,1
16.0,4.61,72.6,0,1
16.1,4.53,66.9,0,1
19.9,3.94,66.3,0,1
20.3,3.77,44.0,0,1
25.4,4.12,53.0,0,1
21.5,1.63,41.3,0,1
21.6,1.37,51.8,0,1
26.2,1.68,24.7,0,1
29.1,0.5,32.6,0,1
23.7,0.5,31.9,0,1
22.7,0.5,38.7,0,1
18.7,0.5,29.2,0,1
20.9,0.5,36.9,0,1
18.1,0.5,41.1,0,1
16.4,0.5,53.1,0,1
12.7,1.17,61.6,0,1
10.1,0.5,57.1,0,1
12.0,2.44,71.1,0,1
11.8,3.23,81.0,0,1
12.1,3.48,70.5,0,2
10.0,4.03,73.6,0,2
11.4,4.6,74.3,0,2
10.0,4.44,73.8,0,2
13.1,4.84,62.6,0,2
15.3,5.06,82.2,0,2
17.4,5.68,76.2,0,2
16.9,4.41,65.0,0,2
19.5,3.48,42.6,0,2
22.3,2.28,56.4,0,2
23.4,2.5,36.4,0,2
22.1,0.94,43.4,0,2
23.7,0.73,32.6,0,2
23.5,0.73,37.3,0,2
23.5,0.5,27.8,0,2
21.0,0.5,35.1,0,2
18.1,0.5,32.3,0,2
19.4,0.5,29.4,0,2
14.9,0.5,48.2,0,2
17.4,0.5,60.0,0,2
12.8,0.86,51.2,0,2
10.0,1.67,57.9,0,2
10.0,1.89,84.4,0,2
10.0,2.79,76.5,0,2
11.4,3.93,79.7,0,3
11.4,3.91,75.1,0,3
10.0,3.72,81.2,0,3
12.5,4.76,89.6,0,3
13.3,4.01,75.4,0,3
15.6,4.14,68.4,0,3
19.6,4.93,59.7,0,3
22.0,3.51,55.8,0,3
22.5,3.45,52.8,0,3
18.7,2.89,62.7,0,3
22.7,2.82,27.0,0,3
22.9,1.58,26.1,0,3
24.4,0.5,36.3,0,3
27.4,0.5,35.9,0,3
26.0,0.5,27.8,0,3
23.7,0.5,27.6,0,3
24.7,0.5,30.8,0,3
17.5,0.5,47.3,0,3
15.6,0.5,28.7,0,3
15.2,0.5,45.7,0,3
14.7,1.69,44.1,0,3
10.3,0.5,60.1,0,3
14.0,1.13,67.4,0,3
12.0,2.52,54.4,0,3
10.8,4.24,69.2,0,4
10.0,4.31,75.6,0,4
10.0,4.19,80.2,0,4
13.4,4.21,83.8,0,4
12.1,5.72,69.8,0,4
16.8,4.75,68.5,0,4
19.0,4.65,61.8,0,4
21.6,4.51,50.9,0,4
21.0,4.7,76.8,0,4
23.7,2.58,61.1,0,4
23.9,2.5,38.2,0,4
25.3,1.5,49.0,0,4
23.2,0.92,39.3,0,4
23.0,0.5,34.9,0,4
21.7,0.5,32.9,0,4
24.1,0.5,24.8,0,4
21.7,0.5,23.8,0,4
19.1,0.5,40.2,0,4
19.2,0.5,53.2,0,4
17.7,0.5,44.7,0,4
15.7,1.37,52.5,0,4
12.6,0.65,54.8,0,4
11.0,1.54,65.9,0,4
12.3,1.67,66.2,0,4
10.0,2.63,70.2,0,5
10.4,3.69,80.4,0,5
14.3,5.4,70.9,0,5
10.0,5.39,89.9,0,5
15.5,5.16,80.5,0,5
12.5,5.53,80.9,0,5
13.9,4.91,71.5,0,5
19.9,3.51,61.3,0,5
20.2,4.0,51.9,0,5
19.4,3.19,45.0,0,5
21.5,1.59,36.1,0,5
25.1,2.12,33.3,0,5
24.2,0.95,36.7,0,5
22.2,0.5,35.6,0,5
21.5,0.5,32.1,0,5
19.3,0.5,26.6,0,5
19.4,0.5,30.6,0,5
18.8,0.5,33.9,0,5
16.4,0.5,48.0,0,5
14.5,0.5,40.9,0,5
16.0,0.5,45.7,0,5
13.1,1.07,60.6,0,5
10.0,1.86,61.5,0,5
11.0,2.59,79.1,0,5
11.2,4.73,68.7,1,6
11.3,3.57,76.2,1,6
12.8,3.85,80.4,1,6
11.6,4.71,95.0,1,6
12.4,5.61,91.3,1,6
18.9,5.13,66.6,1,6
17.0,4.79,74.0,1,6
19.3,3.58,58.6,1,6
20.0,3.52,44.9,1,6
19.7,3.65,55.5,1,6
23.8,1.97,51.1,1,6
23.4,0.74,36.9,1,6
24.1,1.01,20.0,1,6
22.8,0.5,35.2,1,6
22.7,0.5,20.0,1,6
19.7,0.5,30.8,1,6
20.7,0.5,43.5,1,6
21.6,0.5,31.3,1,6
16.0,0.5,45.7,1,6
17.3,0.5,55.1,1,6
17.1,0.5,49.1,1,6
10.5,1.0,51.6,1,6
10.0,2.91,71.1,1,6
11.9,2.12,78.9,1,6
10.0,2.96,80.8,1,7
10.0,4.63,70.5,1,7
10.0,4.95,81.8,1,7
10.0,5.11,68.2,1,7
14.9,4.82,74.3,1,7
15.8,5.18,61.9,1,7
15.0,4.45,67.2,1,7
21.0,3.33,65.8,1,7
24.5,4.11,56.7,1,7
21.2,3.71,42.8,1,7
23.8,0.74,46.9,1,7
27.7,0.92,29.9,1,7
26.0,1.3,28.2,1,7
24.9,0.5,44.8,1,7
26.2,0.5,32.9,1,7
16.9,0.5,32.5,1,7
24.0,0.5,30.1,1,7
19.2,0.5,29.4,1,7
18.8,0.5,44.3,1,7
14.2,0.5,47.1,1,7
10.4,0.5,53.0,1,7
11.9,1.51,67.6,1,7
10.0,1.71,65.0,1,7
10.0,2.89,76.8,1,7
10.0,3.48,70.7,0,1
10.0,4.3,80.4,0,1
10.0,4.54,67.6,0,1
13.9,4.57,78.3,0,1
12.9,6.1,82.3,0,1
16.0,3.74,70.7,0,1
14.2,4.57,79.4,0,1
18.1,3.1,55.0,0,1
19.9,4.64,66.4,0,1
18.9,3.66,40.4,0,1
21.4,1.64,38.7,0,1
24.2,1.95,33.7,0,1
24.4,0.5,36.7,0,1
23.1,0.5,24.6,0,1
24.0,0.5,25.9,0,1
20.6,0.5,29.5,0,1
21.4,0.5,29.9,0,1
19.6,0.5,22.4,0,1
24.9,0.5,54.6,0,1
14.3,0.5,50.8,0,1
12.7,0.5,51.8,0,1
12.8,0.78,66.8,0,1
10.6,2.4,68.2,0,1
11.7,2.66,72.2,0,1
10.0,3.63,87.7,0,2
10.0,3.59,85.8,0,2
10.0,4.46,68.5,0,2
11.1,5.28,77.8,0,2
13.7,3.21,75.3,0,2
16.7,5.18,83.3,0,2
18.9,4.46,75.4,0,2
17.8,3.49,70.0,0,2
16.9,3.66,41.6,0,2
23.8,2.84,57.4,0,2
23.6,2.76,47.6,0,2
23.5,1.28,29.4,0,2
24.1,0.5,26.7,0,2
24.4,0.5,20.0,0,2
24.2,0.5,33.4,0,2
21.8,0.5,21.8,0,2
17.5,0.5,30.2,0,2
18.0,0.5,24.2,0,2
16.0,0.5,25.1,0,2
15.3,0.5,46.1,0,2
13.1,0.87,56.1,0,2
13.5,0.5,69.6,0,2
13.3,1.18,62.5,0,2
13.7,2.26,68.8,0,2
10.0,3.69,74.3,0,3
10.0,4.31,91.4,0,3
12.3,3.84,91.9,0,3
10.6,5.99,84.6,0,3
13.0,5.72,77.6,0,3
14.8,5.08,72.3,0,3
17.3,3.51,72.8,0,3
21.4,4.75,65.6,0,3
22.2,4.49,62.5,0,3
23.1,3.05,35.4,0,3
20.6,2.23,44.3,0,3
27.1,0.93,33.0,0,3
25.5,0.5,42.6,0,3
23.7,0.5,41.3,0,3
21.0,0.5,28.1,0,3
20.7,0.5,34.1,0,3
18.7,0.5,30.8,0,3
15.5,0.5,38.1,0,3
17.9,0.5,37.6,0,3
15.5,0.5,45.6,0,3
10.9,0.97,48.0,0,3
11.0,1.81,65.1,0,3
10.0,1.8,62.0,0,3
12.0,3.31,85.5,0,3
14.6,3.13,65.9,0,4
10.0,3.9,82.2,0,4
11.4,5.37,73.3,0,4
13.7,5.44,82.3,0,4
16.8,5.91,81.8,0,4
14.1,4.46,77.7,0,4
19.7,5.02,69.5,0,4
20.4,4.1,58.5,0,4
17.9,3.61,62.1,0,4
22.0,4.5,36.8,0,4
23.9,1.56,44.1,0,4
25.0,1.86,39.9,0,4
26.4,1.36,31.7,0,4
25.1,1.04,24.7,0,4
22.6,0.5,36.2,0,4
24.3,0.5,31.4,0,4
16.2,0.5,22.4,0,4
17.6,0.5,47.3,0,4
14.6,0.5,54.2,0,4
15.9,0.5,50.0,0,4
15.6,0.82,57.5,0,4
10.0,1.49,76.1,0,4
11.8,1.97,60.6,0,4
10.6,2.23,61.8,0,4
11.0,3.5,72.5,0,5
12.1,3.19,90.3,0,5
10.0,3.78,79.0,0,5
13.5,4.75,72.0,0,5
16.8,4.83,87.8,0,5
14.1,4.69,75.7,0,5
16.7,4.65,52.6,0,5
15.4,3.04,52.0,0,5
20.9,3.74,55.9,0,5
25.6,1.77,41.4,0,5
21.6,3.3,50.8,0,5
22.6,0.73,37.9,0,5
22.4,0.5,32.8,0,5
26.7,1.24,28.0,0,5
22.9,0.5,20.0,0,5
26.0,0.5,28.0,0,5
20.2,0.5,34.8,0,5
18.7,0.5,40.2,0,5
19.8,0.5,50.2,0,5
15.0,1.24,54.8,0,5
10.9,0.68,56.0,0,5
15.2,1.64,53.5,0,5
10.2,1.75,64.2,0,5
10.0,1.02,87.0,0,5
10.0,2.8,88.5,1,6
12.3,4.23,69.8,1,6
10.0,4.47,79.4,1,6
10.0,4.47,70.2,1,6
15.8,5.83,74.5,1,6
15.1,4.29,69.1,1,6
15.2,3.64,65.2,1,6
19.8,5.28,67.2,1,6
22.9,3.12,55.3,1,6
22.6,2.74,52.0,1,6
26.5,0.95,45.5,1,6
26.3,0.5,40.8,1,6
22.8,0.5,32.0,1,6
26.8,0.99,30.1,1,6
24.4,0.5,29.7,1,6
23.7,0.5,40.5,1,6
18.3,0.5,29.6,1,6
15.1,0.5,41.8,1,6
17.5,0.5,27.2,1,6
15.6,0.52,50.1,1,6
16.1,0.69,56.4,1,6
10.4,0.84,55.8,1,6
13.6,3.15,58.9,1,6
10.0,2.23,81.4,1,6
11.2,4.88,66.3,1,7
10.0,4.73,81.5,1,7
10.0,5.83,80.0,1,7
10.5,5.55,69.7,1,7
13.7,4.89,79.4,1,7
13.2,4.73,81.0,1,7
17.7,3.41,67.8,1,7
20.3,3.2,57.0,1,7
22.0,3.75,56.9,1,7
22.9,2.48,47.3,1,7
20.8,2.16,44.0,1,7
24.9,1.49,31.5,1,7
19.8,0.6,48.8,1,7
24.4,0.59,22.0,1,7
23.7,0.5,36.1,1,7
22.1,0.5,29.8,1,7
19.7,0.5,42.0,1,7
19.3,0.5,36.3,1,7
19.1,0.5,40.3,1,7
14.7,0.52,58.7,1,7
13.2,0.68,51.3,1,7
12.1,0.5,52.3,1,7
13.0,1.91,90.2,1,7
10.0,3.37,84.6,1,7
10.0,3.85,80.1,0,1
10.0,4.64,73.4,0,1
12.5,4.52,76.8,0,1
10.0,4.47,82.8,0,1
11.5,4.89,61.4,0,1
12.2,4.55,75.0,0,1
15.6,3.42,68.2,0,1
19.5,4.11,55.8,0,1
18.5,4.28,59.7,0,1
20.4,2.32,36.1,0,1
18.9,1.95,41.4,0,1
24.7,0.89,39.5,0,1
25.2,0.5,35.1,0,1
23.4,0.5,23.9,0,1
20.6,0.5,23.8,0,1
23.3,0.5,23.9,0,1
18.0,0.5,30.7,0,1
18.0,0.5,37.0,0,1
14.6,0.5,50.8,0,1
17.3,0.5,41.7,0,1
14.3,0.5,52.8,0,1
14.0,0.5,72.7,0,1
10.0,1.91,57.5,0,1
12.8,2.11,70.1,0,1
11.2,3.07,75.3,0,2
10.2,3.99,76.5,0,2
14.2,4.68,87.0,0,2
10.0,4.01,74.0,0,2
14.0,4.08,75.3,0,2
11.5,4.36,72.2,0,2
16.7,4.68,73.4,0,2
15.0,3.89,68.5,0,2
21.3,3.17,54.1,0,2
21.3,3.57,38.7,0,2
23.5,2.61,36.6,0,2
24.9,1.79,36.9,0,2
20.8,0.5,31.0,0,2
24.1,0.5,41.5,0,2
23.8,0.5,20.7,0,2
24.4,0.5,20.0,0,2
21.4,0.5,24.4,0,2
20.0,0.5,33.0,0,2
17.4,0.5,55.7,0,2
15.9,0.5,35.3,0,2
12.7,0.5,57.4,0,2
12.4,1.53,71.6,0,2
13.7,2.98,89.6,0,2
10.0,3.11,68.8,0,2
10.0,3.22,62.8,1,3
10.3,2.87,76.9,1,3
10.0,4.58,80.1,1,3
13.2,3.28,74.7,1,3
13.5,4.16,69.8,1,3
14.0,4.61,77.6,1,3
21.3,3.74,54.5,1,3
17.2,3.97,72.7,1,3
18.2,1.8,49.3,1,3
21.9,2.36,50.0,1,3
24.9,1.75,47.4,1,3
22.3,1.33,40.5,1,3
26.9,0.77,40.1,1,3
21.9,0.5,23.9,1,3
20.7,0.5,34.0,1,3
21.1,0.5,28.3,1,3
21.8,0.5,45.1,1,3
20.5,0.5,45.3,1,3
16.8,0.5,51.1,1,3
14.9,0.5,38.0,1,3
15.3,0.5,56.7,1,3
11.6,1.36,69.5,1,3
10.0,2.98,64.9,1,3
10.0,2.15,68.4,1,3
10.4,3.68,69.0,0,4
10.0,5.12,77.4,0,4
13.5,4.53,77.3,0,4
13.8,4.9,83.5,0,4
14.1,4.09,58.2,0,4
14.2,5.04,72.3,0,4
15.5,5.19,66.0,0,4
19.0,4.13,64.8,0,4
22.1,3.32,53.3,0,4
21.6,2.49,41.8,0,4
23.7,3.09,40.1,0,4
22.6,0.94,39.8,0,4
23.9,0.74,35.2,0,4
22.8,0.54,20.0,0,4
20.9,0.5,23.2,0,4
16.2,0.5,23.0,0,4
16.8,0.5,37.3,0,4
15.2,0.5,43.2,0,4
18.0,0.52,45.4,0,4
17.9,0.5,52.1,0,4
16.4,0.5,65.2,0,4
13.8,0.87,66.4,0,4
11.3,3.32,71.0,0,4
10.7,2.9,65.0,0,4
10.0,4.35,76.0,0,5
10.0,4.58,77.1,0,5
11.5,3.4,72.2,0,5
11.0,4.08,71.6,0,5
12.3,4.42,76.2,0,5
12.2,5.59,79.5,0,5
16.1,4.71,78.1,0,5
15.8,4.0,69.9,0,5
18.5,3.02,52.0,0,5
19.3,1.82,44.1,0,5
23.2,0.95,46.0,0,5
21.5,1.9,38.4,0,5
26.4,0.5,28.0,0,5
27.2,0.5,35.6,0,5
24.0,0.5,20.0,0,5
23.8,0.5,44.5,0,5
20.4,0.5,26.8,0,5
18.3,0.5,40.2,0,5
18.2,0.5,44.7,0,5
14.0,1.14,44.9,0,5
13.9,0.5,51.2,0,5
14.0,1.61,44.9,0,5
10.0,2.09,68.7,0,5
10.0,2.53,67.9,0,5
11.2,3.81,82.4,1,6
11.9,3.31,72.8,1,6
12.8,4.89,87.5,1,6
11.8,5.41,78.3,1,6
15.3,4.6,76.2,1,6
15.6,5.26,74.5,1,6
12.6,5.42,59.9,1,6
16.5,4.33,55.6,1,6
16.0,3.64,51.1,1,6
21.4,2.57,52.0,1,6
24.4,0.84,37.2,1,6
26.8,0.93,33.8,1,6
24.6,0.5,24.0,1,6
27.5,0.5,39.0,1,6
23.9,0.5,32.7,1,6
23.0,0.5,34.5,1,6
22.6,0.5,35.3,1,6
15.6,0.5,33.3,1,6
15.1,0.5,39.3,1,6
17.3,0.5,40.2,1,6
10.3,0.75,53.5,1,6
12.6,1.62,61.0,1,6
10.0,1.44,66.3,1,6
10.9,2.99,66.4,1,6
11.0,4.75,84.9,1,7
11.8,4.09,75.3,1,7
11.9,4.07,85.2,1,7
11.4,4.77,84.5,1,7
10.0,4.64,79.2,1,7
15.1,5.14,71.1,1,7
18.7,4.02,66.9,1,7
17.7,4.51,54.0,1,7
22.1,3.16,61.0,1,7
20.8,2.6,54.2,1,7
20.7,3.09,38.5,1,7
23.7,1.69,36.0,1,7
23.1,0.5,29.1,1,7
23.7,0.5,28.9,1,7
22.6,0.5,41.4,1,7
21.3,0.5,35.7,1,7
23.4,0.5,33.7,1,7
18.8,0.5,34.1,1,7
17.7,0.5,37.8,1,7
12.1,0.5,51.2,1,7
10.0,0.81,46.5,1,7
13.7,1.3,59.9,1,7
14.2,1.16,67.3,1,7
10.0,3.15,73.0,1,7
14.3,3.31,70.1,0,1
13.2,3.95,75.2,0,1
10.6,4.21,91.7,0,1
13.4,3.92,82.5,0,1
11.6,5.42,84.4,0,1
14.7,4.55,83.0,0,1
18.3,4.12,60.8,0,1
19.3,4.69,65.2,0,1
23.0,3.58,51.7,0,1
23.1,3.12,47.6,0,1
23.0,1.63,46.6,0,1
23.7,2.66,45.6,0,1
25.0,0.52,31.2,0,1
22.8,0.83,31.0,0,1
24.0,0.5,36.7,0,1
23.4,0.5,34.3,0,1
19.9,0.5,25.7,0,1
18.3,0.5,34.5,0,1
19.6,0.5,47.6,0,1
16.0,0.5,50.3,0,1
15.6,0.98,55.1,0,1
12.1,0.5,66.9,0,1
10.0,0.5,69.5,0,1
10.0,4.43,70.5,0,1
10.0,3.4,74.8,0,2
10.8,4.03,70.3,0,2
10.0,5.04,83.5,0,2
10.6,4.74,68.0,0,2
16.4,4.75,81.9,0,2
13.6,5.08,70.9,0,2
18.3,4.43,66.4,0,2
18.7,4.27,62.1,0,2
22.2,2.79,59.1,0,2
21.0,2.32,58.0,0,2
24.4,1.92,50.7,0,2
22.6,1.51,20.0,0,2
26.4,1.91,39.4,0,2
22.8,0.5,26.0,0,2
23.4,0.5,31.0,0,2
19.5,0.5,26.6,0,2
19.1,0.5,40.3,0,2
20.1,0.5,31.9,0,2
15.4,0.5,38.5,0,2
11.8,0.5,53.2,0,2
11.5,0.5,52.4,0,2
11.1,0.53,63.3,0,2
13.6,2.5,68.6,0,2
12.4,2.55,82.1,0,2
10.6,3.85,86.5,0,3
10.0,4.26,70.1,0,3
10.0,5.52,87.9,0,3
12.1,5.64,86.0,0,3
13.1,5.05,71.6,0,3
13.7,4.1,70.0,0,3
19.5,5.07,74.3,0,3
20.9,4.09,65.0,0,3
21.1,3.11,53.4,0,3
24.9,3.69,48.0,0,3
20.3,2.83,43.3,0,3
25.5,1.4,36.3,0,3
24.1,0.62,50.1,0,3
24.9,0.5,30.5,0,3
21.4,0.5,26.8,0,3
19.4,0.5,34.3,0,3
22.0,0.5,31.7,0,3
22.9,0.5,40.1,0,3
13.8,0.77,33.9,0,3
15.2,0.5,57.3,0,3
14.9,1.94,70.3,0,3
12.8,1.52,49.6,0,3
12.6,2.64,53.0,0,3
10.0,3.21,75.1,0,3
10.0,2.83,81.6,0,4
10.0,3.94,86.5,0,4
12.4,4.48,80.2,0,4
12.6,4.19,77.6,0,4
13.9,5.06,76.9,0,4
18.1,4.3,73.6,0,4
18.9,5.99,67.4,0,4
15.2,3.7,51.7,0,4
22.3,2.83,49.6,0,4
22.4,2.82,51.3,0,4
20.9,2.05,39.1,0,4
23.5,1.54,49.0,0,4
21.2,0.5,31.5,0,4
23.2,0.5,31.9,0,4
23.8,0.5,20.0,0,4
20.6,0.5,26.8,0,4
22.3,0.5,32.5,0,4
23.4,0.5,40.9,0,4
17.3,1.15,41.2,0,4
15.0,0.5,54.1,0,4
13.2,0.5,47.1,0,4
11.2,0.63,65.3,0,4
10.0,1.93,67.6,0,4
10.0,3.0,80.0,0,4
10.4,2.95,88.8,0,5
11.4,3.77,66.2,0,5
10.3,4.09,86.5,0,5
12.3,5.36,95.0,0,5
12.5,4.38,77.1,0,5
14.8,5.14,75.2,0,5
16.0,4.29,59.1,0,5
17.0,5.88,54.0,0,5
22.4,4.58,58.5,0,5
26.1,1.94,56.9,0,5
21.4,2.45,47.1,0,5
20.6,1.72,40.3,0,5
21.0,0.5,25.4,0,5
27.8,0.63,25.4,0,5
21.4,0.5,26.2,0,5
27.1,0.5,35.7,0,5
18.0,0.5,33.9,0,5
20.0,0.5,40.2,0,5
18.8,0.5,45.7,0,5
14.9,0.5,53.8,0,5
13.1,0.5,61.0,0,5
14.2,1.15,55.5,0,5
10.4,2.74,61.9,0,5
10.0,1.87,71.1,0,5
10.4,2.78,84.2,1,6
10.2,3.81,80.7,1,6
10.0,4.45,81.8,1,6
11.1,4.59,73.5,1,6
11.4,5.26,64.7,1,6
18.5,4.73,57.3,1,6
18.2,4.82,68.7,1,6
15.5,3.58,48.8,1,6
20.6,2.94,53.7,1,6
21.0,3.73,39.8,1,6
23.9,2.44,60.5,1,6
22.6,0.85,31.0,1,6
26.7,0.5,24.0,1,6
24.0,0.5,21.0,1,6
19.3,0.5,21.7,1,6
20.2,0.5,20.1,1,6
19.4,0.5,28.0,1,6
18.0,0.5,33.3,1,6
18.9,0.5,41.3,1,6
13.6,0.5,43.7,1,6
12.8,0.91,50.7,1,6
12.7,1.19,57.3,1,6
10.0,2.45,65.9,1,6
10.9,1.93,69.6,1,6
10.0,4.09,86.4,1,7
10.0,4.0,78.9,1,7
10.0,3.42,79.9,1,7
11.4,4.97,89.8,1,7
12.5,4.9,88.1,1,7
14.2,5.56,86.4,1,7
17.1,3.17,72.7,1,7
18.0,3.87,68.6,1,7
17.9,3.42,50.4,1,7
23.0,2.88,38.9,1,7
18.0,1.86,41.5,1,7
24.3,1.94,26.7,1,7
21.0,0.5,28.7,1,7
22.5,0.55,30.9,1,7
21.6,0.5,31.5,1,7
21.2,0.5,37.5,1,7
20.1,0.5,21.7,1,7
21.5,0.5,40.2,1,7
14.1,0.5,49.8,1,7
15.1,0.5,53.8,1,7
15.7,0.91,56.9,1,7
11.0,1.02,58.8,1,7
10.0,2.12,58.1,1,7
12.3,3.76,75.4,1,7
10.0,1.86,85.0,0,1
10.0,3.67,81.8,0,1
11.8,4.43,80.8,0,1
11.8,4.77,85.9,0,1
11.0,4.77,82.9,0,1
18.7,5.52,73.3,0,1
16.7,4.4,70.2,0,1
16.9,4.41,73.5,0,1
18.9,3.72,49.8,0,1
20.4,3.2,63.1,0,1
24.6,1.66,22.7,0,1
22.5,2.16,47.5,0,1
23.7,1.18,27.2,0,1
26.5,0.5,30.5,0,1
22.1,0.5,34.9,0,1
26.9,0.5,26.4,0,1
20.9,0.5,35.9,0,1
16.8,0.5,33.4,0,1
14.5,0.5,43.0,0,1
18.6,0.5,45.7,0,1
14.7,0.5,53.5,0,1
11.4,0.5,68.3,0,1
14.7,2.05,60.2,0,1
11.0,2.52,75.8,0,1
10.0,3.24,88.7,0,2
10.0,3.39,63.7,0,2
10.8,4.51,80.3,0,2
10.9,4.73,83.2,0,2
13.7,5.2,69.7,0,2
11.7,5.12,70.0,0,2
15.0,4.57,58.9,0,2
16.7,4.46,59.2,0,2
21.5,2.91,45.2,0,2
21.8,2.9,37.2,0,2
21.4,2.18,33.4,0,2
25.2,0.5,32.5,0,2
25.2,0.5,46.9,0,2
18.7,0.5,31.8,0,2
22.5,0.5,25.5,0,2
25.6,0.5,31.8,0,2
20.0,0.5,43.4,0,2
20.2,0.5,38.6,0,2
17.5,0.5,50.9,0,2
15.3,0.5,58.1,0,2
11.3,0.99,56.3,0,2
14.9,0.5,57.3,0,2
10.0,0.73,72.5,0,2
10.0,2.22,68.7,0,2
11.2,2.91,67.0,0,3
10.0,3.94,74.7,0,3
10.3,3.52,76.0,0,3
10.7,4.51,76.4,0,3
14.2,4.45,85.5,0,3
15.9,4.41,74.9,0,3
18.3,3.7,57.1,0,3
14.3,3.91,59.9,0,3
21.4,4.1,44.0,0,3
21.8,1.26,47.5,0,3
22.7,0.5,54.2,0,3
26.3,1.47,35.7,0,3
25.3,0.5,42.1,0,3
20.3,0.5,35.6,0,3
21.1,0.5,30.7,0,3
24.4,0.5,39.6,0,3
20.5,0.5,36.8,0,3
15.5,0.5,38.3,0,3
18.1,0.5,41.6,0,3
13.6,1.14,48.8,0,3
13.8,1.01,63.6,0,3
14.0,1.22,66.3,0,3
10.0,2.99,71.9,0,3
10.0,3.75,86.6,0,3
10.0,3.02,76.9,0,4
11.3,4.31,72.2,0,4
11.3,5.29,71.5,0,4
10.0,4.52,72.6,0,4
15.2,4.81,65.6,0,4
15.1,5.17,74.1,0,4
15.3,5.91,68.9,0,4
19.6,5.62,59.5,0,4
17.5,2.32,50.9,0,4
20.2,1.92,49.0,0,4
24.7,2.57,51.0,0,4
22.9,1.22,48.1,0,4
26.0,0.5,39.3,0,4
25.8,1.46,35.0,0,4
27.8,0.5,28.1,0,4
21.0,0.5,20.3,0,4
19.0,0.5,27.1,0,4
19.5,0.5,38.3,0,4
13.9,0.5,42.2,0,4
13.4,0.5,53.7,0,4
14.0,0.5,50.9,0,4
12.8,0.69,68.9,0,4
12.0,1.56,74.8,0,4
10.0,2.65,65.5,0,4
11.1,3.29,75.8,0,5
10.7,5.04,73.7,0,5
10.0,3.73,82.1,0,5
12.1,4.42,71.1,0,5
13.6,5.57,73.3,0,5
16.6,5.25,71.1,0,5
14.0,4.75,80.7,0,5
20.3,4.39,60.4,0,5
20.8,4.02,46.2,0,5
24.2,2.68,47.4,0,5
22.3,1.21,44.9,0,5
26.9,1.75,44.1,0,5
23.9,0.5,36.3,0,5
25.9,0.5,26.1,0,5
20.2,0.5,27.9,0,5
26.5,0.5,22.7,0,5
20.4,0.5,40.2,0,5
17.0,0.5,37.4,0,5
19.4,0.5,41.9,0,5
12.3,0.5,54.3,0,5
12.8,0.5,37.6,0,5
10.8,1.26,56.2,0,5
10.0,2.8,74.0,0,5
11.3,3.16,60.8,0,5
10.0,5.08,78.8,1,6
13.0,3.31,72.1,1,6
12.5,4.5,82.2,1,6
12.2,5.48,85.9,1,6
15.0,4.94,69.1,1,6
17.0,4.79,64.2,1,6
17.4,5.15,74.6,1,6
20.2,4.99,59.3,1,6
21.4,2.79,59.8,1,6
20.8,2.64,38.4,1,6
25.0,1.51,48.5,1,6
26.2,0.5,41.6,1,6
22.9,1.07,32.6,1,6
26.4,0.5,21.0,1,6
23.3,0.5,20.5,1,6
22.1,0.5,27.7,1,6
20.3,0.5,32.2,1,6
21.4,0.5,32.3,1,6
18.5,0.5,40.9,1,6
12.2,0.5,56.4,1,6
16.3,1.57,53.3,1,6
11.2,1.07,60.2,1,6
10.6,2.66,70.0,1,6
10.4,4.01,62.6,1,6
10.9,4.26,76.5,1,7
11.7,2.96,79.1,1,7
10.0,5.08,80.8,1,7
10.0,5.1,73.5,1,7
14.5,5.8,76.1,1,7
15.6,5.16,72.0,1,7
17.7,4.19,58.5,1,7
16.5,3.63,70.6,1,7
18.9,4.4,64.5,1,7
19.0,1.97,49.5,1,7
24.1,2.32,29.2,1,7
25.3,0.68,32.0,1,7
23.5,1.08,25.7,1,7
21.4,0.5,26.0,1,7
22.7,0.5,21.5,1,7
23.0,0.5,31.1,1,7
16.8,0.5,40.6,1,7
20.2,0.5,31.1,1,7
16.5,0.5,45.3,1,7
17.1,0.5,41.3,1,7
15.9,0.5,52.5,1,7
12.9,0.5,68.9,1,7
11.9,1.27,77.5,1,7
10.0,2.59,73.7,1,7
10.3,1.88,79.0,0,1
10.0,4.61,87.0,0,1
10.9,4.61,74.4,0,1
15.1,5.65,74.3,0,1
14.9,4.69,69.5,0,1
11.7,4.79,73.3,0,1
15.4,4.83,71.6,0,1
17.3,3.95,51.7,0,1
23.3,3.32,64.4,0,1
23.4,3.66,47.2,0,1
20.4,3.29,39.2,0,1
21.7,1.38,24.8,0,1
20.9,1.46,34.1,0,1
24.3,0.5,22.6,0,1
25.7,0.5,25.7,0,1
22.1,0.5,33.8,0,1
20.9,0.5,34.8,0,1
23.2,0.5,37.3,0,1
16.5,0.5,43.8,0,1
11.1,0.5,58.7,0,1
10.4,0.77,52.2,0,1
11.3,1.45,52.3,0,1
10.0,3.08,61.5,0,1
13.8,3.11,66.1,0,1
10.5,3.29,71.4,0,2
13.9,3.36,89.9,0,2
12.6,4.22,86.0,0,2
10.2,4.15,77.6,0,2
14.0,4.6,79.2,0,2
16.7,4.92,66.4,0,2
16.4,4.76,72.5,0,2
17.8,3.57,49.2,0,2
20.0,3.78,58.6,0,2
19.7,2.28,56.9,0,2
22.6,1.3,39.6,0,2
25.9,2.08,47.4,0,2
26.1,0.5,45.6,0,2
24.4,0.5,27.4,0,2
21.0,0.5,41.8,0,2
23.2,0.5,36.5,0,2
17.1,0.5,22.4,0,2
16.9,0.5,33.8,0,2
16.5,0.5,28.9,0,2
19.3,0.5,54.3,0,2
16.8,0.5,57.9,0,2
15.4,0.85,61.2,0,2
10.0,1.34,73.3,0,2
11.9,2.68,81.1,0,2
10.0,3.91,73.7,0,3
10.0,4.53,78.5,0,3
10.0,4.48,89.8,0,3
11.5,5.64,72.5,0,3
16.8,4.48,75.8,0,3
14.4,4.11,75.8,0,3
12.8,3.74,68.7,0,3
17.7,5.32,74.3,0,3
19.3,2.6,54.9,0,3
20.4,2.09,49.3,0,3
19.5,1.65,40.7,0,3
22.1,2.69,40.4,0,3
22.0,0.5,28.1,0,3
27.1,0.5,28.8,0,3
26.8,0.56,31.8,0,3
20.3,0.5,21.6,0,3
19.6,0.5,27.1,0,3
15.6,0.5,37.0,0,3
15.4,0.5,55.1,0,3
22.2,0.5,51.7,0,3
12.1,0.5,54.7,0,3
12.2,1.48,58.2,0,3
10.0,1.79,61.5,0,3
12.9,2.36,80.8,0,3
10.0,5.04,88.9,0,4
10.0,4.38,74.1,0,4
11.0,3.92,79.5,0,4
13.8,5.05,79.1,0,4
16.4,4.72,73.6,0,4
17.1,5.68,79.4,0,4
13.3,5.14,64.9,0,4
15.9,3.72,54.5,0,4
25.8,3.56,62.8,0,4
22.3,3.1,44.5,0,4
20.9,1.97,55.9,0,4
24.4,1.82,48.2,0,4
23.4,0.5,24.6,0,4
23.7,0.5,35.0,0,4
21.8,0.5,35.4,0,4
23.5,0.5,35.9,0,4
23.7,0.5,42.8,0,4
20.6,0.5,35.2,0,4
19.6,0.5,56.8,0,4
17.5,0.5,50.7,0,4
14.1,0.5,51.3,0,4
15.3,1.96,50.5,0,4
10.0,2.46,64.6,0,4
11.8,2.44,72.8,0,4
10.0,4.08,79.4,0,5
10.5,3.09,77.3,0,5
12.3,5.52,84.2,0,5
12.5,4.33,76.5,0,5
10.0,5.72,70.1,0,5
16.7,5.65,78.3,0,5
16.7,4.8,76.2,0,5
14.6,4.2,48.3,0,5
23.9,2.62,63.3,0,5
21.8,2.25,38.7,0,5
22.5,2.38,39.8,0,5
24.5,0.64,38.5,0,5
23.1,1.55,30.8,0,5
22.1,0.5,30.5,0,5
24.3,0.5,39.2,0,5
22.1,0.5,34.5,0,5
23.2,0.5,36.1,0,5
19.8,0.5,20.0,0,5
18.5,0.5,47.1,0,5
13.6,0.5,45.7,0,5
14.6,0.5,49.8,0,5
11.8,1.87,61.7,0,5
10.6,2.36,77.1,0,5
10.0,2.53,67.6,0,5
11.5,2.94,77.0,1,6
14.5,3.95,65.0,1,6
10.8,5.19,85.2,1,6
11.8,5.96,68.8,1,6
15.1,4.49,64.4,1,6
18.2,4.14,80.8,1,6
14.4,4.35,67.6,1,6
16.6,3.08,69.2,1,6
20.5,2.83,54.6,1,6
19.9,3.79,50.2,1,6
22.5,2.17,36.0,1,6
22.1,0.84,42.2,1,6
20.2,0.5,35.7,1,6
25.2,0.97,30.3,1,6
27.0,0.5,32.7,1,6
23.7,0.5,32.1,1,6
22.3,0.5,43.4,1,6
18.6,0.5,31.9,1,6
19.5,0.5,50.0,1,6
10.0,0.5,44.1,1,6
12.7,0.5,47.6,1,6
10.7,0.91,58.3,1,6
10.0,2.61,77.6,1,6
10.0,2.32,74.2,1,6
13.1,2.94,85.4,1,7
11.5,4.05,76.0,1,7
12.4,5.31,82.9,1,7
17.9,5.33,95.0,1,7
14.1,4.98,64.5,1,7
14.0,5.14,78.6,1,7
15.0,4.1,58.5,1,7
19.1,3.82,69.7,1,7
20.0,2.78,68.6,1,7
20.8,3.4,53.9,1,7
22.1,2.13,42.9,1,7
27.7,1.5,41.6,1,7
24.8,0.5,27.8,1,7
24.4,0.5,36.7,1,7
22.4,0.5,20.0,1,7
24.7,0.5,34.9,1,7
23.8,0.5,38.2,1,7
19.0,0.5,40.1,1,7
15.2,0.5,40.8,1,7
17.2,0.5,52.3,1,7
13.9,0.5,55.3,1,7
10.2,0.95,63.5,1,7
10.0,2.38,79.9,1,7
11.8,1.71,83.2,1,7
12.5,3.35,73.4,0,1
12.3,3.49,71.8,0,1
10.0,3.79,75.8,0,1
10.0,6.16,73.1,0,1
12.7,5.37,83.3,0,1
17.7,4.84,84.8,0,1
20.8,4.39,65.9,0,1
18.1,3.74,70.1,0,1
20.0,3.04,50.8,0,1
20.9,4.05,29.1,0,1
24.6,2.06,37.8,0,1
22.2,0.92,49.5,0,1
21.6,0.78,45.8,0,1
25.7,0.5,32.1,0,1
25.1,0.5,20.0,0,1
22.1,0.5,27.1,0,1
19.0,0.5,37.6,0,1
20.9,0.5,37.4,0,1
17.7,0.55,31.8,0,1
17.8,0.5,42.5,0,1
11.2,1.08,61.1,0,1
11.3,0.5,69.7,0,1
11.0,1.62,77.9,0,1
10.0,2.76,68.7,0,1
11.3,3.48,86.2,0,2
10.0,4.61,81.9,0,2
12.2,4.14,79.3,0,2
10.0,4.27,86.1,0,2
12.5,5.29,70.7,0,2
13.4,4.52,70.0,0,2
10.0,4.11,64.8,0,2
21.8,3.33,64.2,0,2
19.0,5.13,60.9,0,2
22.7,3.42,42.6,0,2
22.2,1.34,40.0,0,2
23.9,0.96,37.4,0,2
28.1,0.5,25.9,0,2
24.7,0.53,28.5,0,2
21.4,0.5,31.0,0,2
23.2,0.5,27.5,0,2
16.5,0.5,31.3,0,2
11.6,0.5,31.2,0,2
20.1,0.5,48.8,0,2
14.8,0.5,44.4,0,2
14.7,1.37,62.2,0,2
13.8,1.76,53.7,0,2
10.0,1.82,78.5,0,2
10.0,2.98,63.3,0,2
12.6,3.9,71.7,0,3
10.0,4.02,89.2,0,3
14.2,3.74,71.0,0,3
12.4,5.82,80.9,0,3
13.7,4.0,95.0,0,3
16.4,5.32,71.7,0,3
17.8,4.11,77.4,0,3
18.9,4.31,67.1,0,3
18.6,4.89,45.1,0,3
19.9,3.14,58.8,0,3
24.4,2.7,48.7,0,3
25.4,1.59,44.6,0,3
23.2,1.11,34.1,0,3
24.0,0.5,30.4,0,3
21.2,0.5,30.5,0,3
22.2,0.5,25.0,0,3
20.2,0.5,36.3,0,3
20.0,0.5,38.4,0,3
15.8,0.5,39.4,0,3
14.2,0.5,55.3,0,3
13.1,0.61,47.0,0,3
13.3,1.06,63.0,0,3
10.8,1.83,65.0,0,3
11.6,2.54,83.8,0,3
10.1,3.11,74.4,0,4
11.0,4.45,72.1,0,4
10.0,2.89,83.8,0,4
10.0,4.51,75.9,0,4
15.1,4.31,81.7,0,4
20.9,4.36,92.4,0,4
17.7,4.25,70.3,0,4
18.7,4.21,64.8,0,4
20.0,3.6,62.4,0,4
20.9,3.57,47.7,0,4
20.8,2.23,34.3,0,4
23.2,1.69,42.8,0,4
25.1,0.5,33.4,0,4
24.7,0.67,39.0,0,4
24.3,0.5,31.0,0,4
24.6,0.5,40.4,0,4
25.3,0.5,31.4,0,4
19.7,0.5,30.7,0,4
17.0,0.5,49.3,0,4
19.4,0.5,63.6,0,4
12.2,1.48,49.5,0,4
11.1,1.84,58.8,0,4
14.1,2.39,62.9,0,4
10.9,2.18,77.7,0,4
10.0,3.2,76.1,0,5
10.0,4.25,76.7,0,5
13.4,4.58,91.5,0,5
16.5,5.09,73.3,0,5
13.4,4.7,75.4,0,5
16.3,4.96,83.2,0,5
16.4,4.86,66.7,0,5
17.3,3.68,76.3,0,5
16.9,2.93,33.0,0,5
18.7,2.83,45.6,0,5
22.4,3.19,31.6,0,5
23.4,1.11,27.2,0,5
22.7,0.5,24.3,0,5
22.9,0.5,27.1,0,5
23.4,0.5,30.7,0,5
20.2,0.5,39.0,0,5
22.4,0.5,29.0,0,5
18.6,0.5,39.8,0,5
15.9,0.5,32.3,0,5
16.1,0.5,41.2,0,5
12.5,0.53,73.5,0,5
12.9,1.32,44.7,0,5
10.0,1.31,53.6,0,5
12.5,3.03,65.9,0,5
10.0,2.97,75.5,1,6
11.2,4.13,87.1,1,6
12.5,4.4,86.2,1,6
13.4,5.07,77.2,1,6
19.7,4.08,75.8,1,6
13.7,5.11,68.3,1,6
18.5,5.25,67.3,1,6
20.3,4.4,57.7,1,6
22.7,3.61,47.7,1,6
27.3,3.25,48.4,1,6
28.2,1.55,41.7,1,6
25.5,0.94,45.2,1,6
27.0,0.5,35.4,1,6
24.3,0.5,35.3,1,6
25.6,0.5,30.6,1,6
30.0,0.5,31.4,1,6
21.7,0.5,30.2,1,6
22.4,0.5,41.8,1,6
20.1,0.5,28.2,1,6
19.7,0.5,51.7,1,6
14.5,1.81,53.3,1,6
10.0,0.5,57.4,1,6
14.7,1.41,78.8,1,6
11.8,2.67,82.0,1,6
11.5,3.26,95.0,1,7
10.0,2.99,72.0,1,7
15.2,4.74,77.7,1,7
17.8,4.78,78.5,1,7
17.4,4.36,71.4,1,7
19.9,4.58,70.0,1,7
25.2,5.07,61.5,1,7
23.5,2.36,54.4,1,7
22.1,2.36,54.4,1,7
27.3,3.39,62.3,1,7
29.9,1.71,37.4,1,7
24.1,2.37,32.8,1,7
28.2,0.5,39.4,1,7
25.4,0.5,20.0,1,7
26.7,0.5,28.9,1,7
24.7,0.5,31.9,1,7
21.3,0.5,34.4,1,7
27.6,0.5,23.4,1,7
20.9,0.5,31.9,1,7
22.5,0.5,48.1,1,7
14.2,0.89,56.8,1,7
15.9,1.43,65.5,1,7
13.1,1.77,61.1,1,7
11.4,2.65,63.1,1,7
12.0,3.56,78.8,0,1
12.1,3.25,90.6,0,1
10.0,4.84,79.2,0,1
11.9,5.44,85.6,0,1
15.4,5.14,84.8,0,1
20.6,3.48,87.0,0,1
19.5,4.51,74.5,0,1
22.3,4.08,62.1,0,1
25.7,3.14,48.9,0,1
23.2,1.71,44.8,0,1
28.2,1.83,43.6,0,1
28.5,0.75,47.1,0,1
25.6,0.9,48.8,0,1
28.4,0.5,26.5,0,1
26.6,0.5,41.1,0,1
22.7,0.5,28.2,0,1
22.3,0.5,44.1,0,1
20.3,0.5,26.5,0,1
19.5,0.55,33.2,0,1
15.2,0.5,43.5,0,1
15.3,0.5,48.1,0,1
16.6,0.5,68.9,0,1
16.9,1.84,57.9,0,1
10.0,2.42,76.8,0,1
12.0,3.79,73.6,0,2
14.7,3.74,87.1,0,2
11.4,3.99,67.8,0,2
14.3,5.5,76.0,0,2
16.6,5.83,85.5,0,2
21.4,5.1,77.2,0,2
18.0,4.59,67.9,0,2
20.6,3.93,52.2,0,2
25.7,3.61,52.5,0,2
24.3,3.2,55.0,0,2
29.4,2.32,45.6,0,2
28.3,1.95,36.3,0,2
22.4,0.76,34.6,0,2
26.7,0.5,43.9,0,2
29.9,0.5,43.6,0,2
24.2,0.5,23.4,0,2
29.5,0.5,37.6,0,2
15.9,0.5,34.1,0,2
19.5,0.5,32.0,0,2
15.6,0.5,46.5,0,2
16.0,0.5,61.7,0,2
10.8,1.05,72.1,0,2
10.0,2.76,59.6,0,2
15.5,2.31,80.7,0,2
10.0,2.18,75.1,0,3
10.0,4.46,83.1,0,3
10.0,4.38,91.5,0,3
19.2,4.06,84.7,0,3
17.5,4.41,71.8,0,3
20.0,5.84,72.2,0,3
21.6,4.72,70.6,0,3
21.9,3.11,67.3,0,3
26.7,4.72,56.0,0,3
25.0,2.76,54.9,0,3
23.8,2.96,38.4,0,3
28.9,1.35,40.2,0,3
26.6,0.5,31.1,0,3
27.7,0.5,25.2,0,3
27.3,0.5,27.4,0,3
24.7,0.5,29.9,0,3
22.1,0.5,31.7,0,3
25.1,0.5,43.5,0,3
18.9,0.5,40.3,0,3
16.6,0.5,57.4,0,3
15.9,1.38,61.8,0,3
15.2,1.18,58.3,0,3
12.7,2.47,64.9,0,3
13.3,3.64,63.0,0,3
14.2,3.4,71.5,0,4
10.0,3.4,80.7,0,4
14.1,4.17,65.2,0,4
13.2,4.2,66.4,0,4
18.4,5.71,70.9,0,4
18.9,5.14,58.6,0,4
20.7,5.06,68.5,0,4
22.4,4.16,59.6,0,4
24.5,4.31,56.9,0,4
22.8,2.98,52.1,0,4
25.4,2.57,47.4,0,4
30.6,1.58,32.4,0,4
28.6,0.5,30.9,0,4
31.6,0.5,20.0,0,4
27.0,0.5,20.0,0,4
24.3,0.5,34.2,0,4
23.7,0.5,40.8,0,4
22.7,0.5,35.4,0,4
14.6,0.5,49.4,0,4
18.2,0.5,48.1,0,4
16.7,0.5,47.5,0,4
15.1,1.41,54.1,0,4
13.1,1.41,68.6,0,4
13.5,1.85,76.6,0,4
10.0,3.37,78.6,0,5
15.8,3.82,67.1,0,5
13.5,3.95,79.1,0,5
10.7,4.72,72.1,0,5
15.9,5.01,69.7,0,5
15.2,6.24,76.0,0,5
23.8,4.51,69.9,0,5
22.1,4.32,65.4,0,5
22.3,3.33,62.4,0,5
24.6,3.05,47.6,0,5
23.0,1.78,44.6,0,5
30.7,0.83,46.6,0,5
27.5,0.88,31.8,0,5
29.2,0.5,42.5,0,5
25.5,0.5,36.2,0,5
25.5,0.5,42.0,0,5
26.0,0.5,20.0,0,5
23.9,0.5,45.4,0,5
19.9,0.5,35.7,0,5
19.0,0.5,59.8,0,5
15.6,0.92,51.9,0,5
12.3,1.22,59.8,0,5
12.5,2.24,67.7,0,5
11.8,2.91,74.7,0,5
10.8,2.61,85.6,1,6
13.8,4.37,71.2,1,6
10.0,4.18,78.7,1,6
16.5,4.84,79.4,1,6
16.6,4.78,70.4,1,6
19.1,5.45,69.0,1,6
24.3,5.52,65.1,1,6
21.4,5.08,60.5,1,6
28.3,4.7,54.1,1,6
22.6,3.55,57.0,1,6
26.8,1.7,40.1,1,6
25.0,1.02,42.6,1,6
31.9,0.82,40.8,1,6
31.0,0.5,30.3,1,6
28.1,0.5,34.2,1,6
26.6,0.5,39.4,1,6
20.1,0.5,32.0,1,6
21.6,0.5,39.1,1,6
19.0,0.5,38.9,1,6
19.8,0.5,46.5,1,6
16.8,1.34,63.3,1,6
15.4,1.86,68.0,1,6
10.3,2.16,69.9,1,6
13.2,2.09,80.4,1,6
10.3,2.88,73.4,1,7
11.3,4.32,77.9,1,7
13.5,4.54,91.3,1,7
15.3,5.11,72.1,1,7
18.8,3.51,73.4,1,7
16.3,4.73,64.8,1,7
15.3,4.75,73.7,1,7
22.9,3.75,69.9,1,7
22.6,3.67,53.7,1,7
25.7,2.48,44.1,1,7
28.0,2.04,41.6,1,7
23.5,0.72,28.8,1,7
25.1,0.5,28.0,1,7
23.5,0.5,42.6,1,7
25.4,0.5,22.3,1,7
28.7,0.5,25.5,1,7
19.1,0.5,30.3,1,7
24.0,0.5,24.3,1,7
18.8,0.5,43.2,1,7
11.7,0.5,51.3,1,7
14.0,0.7,44.0,1,7
11.6,0.77,56.5,1,7
13.5,2.51,71.2,1,7
13.9,3.27,75.3,1,7
15.9,2.93,84.2,0,1
10.0,3.95,72.2,0,1
11.5,4.35,80.7,0,1
14.7,4.42,86.7,0,1
18.8,4.81,72.6,0,1
17.0,5.73,71.2,0,1
17.4,4.64,77.3,0,1
22.4,4.57,65.7,0,1
21.3,3.6,39.9,0,1
24.3,2.96,58.5,0,1
29.1,1.1,40.2,0,1
23.9,1.19,33.2,0,1
22.9,1.23,30.6,0,1
24.4,0.5,25.8,0,1
28.9,0.5,29.2,0,1
25.6,0.5,35.3,0,1
25.2,0.5,22.2,0,1
18.9,0.5,34.6,0,1
20.8,0.5,33.9,0,1
17.7,0.5,50.6,0,1
15.8,1.02,55.2,0,1
10.0,2.44,67.5,0,1
11.1,2.93,57.6,0,1
13.7,2.71,60.4,0,1
11.7,4.36,64.5,0,2
10.9,4.57,77.9,0,2
13.1,5.06,74.9,0,2
16.3,4.78,81.8,0,2
16.1,5.32,67.9,0,2
15.9,4.84,75.6,0,2
18.4,3.32,67.7,0,2
24.0,4.47,58.4,0,2
26.6,3.4,63.4,0,2
25.1,2.52,51.3,0,2
28.2,2.04,54.2,0,2
25.0,2.33,44.3,0,2
29.5,0.5,26.2,0,2
24.2,0.99,39.2,0,2
31.1,0.5,45.2,0,2
26.3,0.5,29.8,0,2
22.2,0.5,30.1,0,2
20.9,0.5,33.3,0,2
19.3,0.5,47.7,0,2
17.6,0.5,46.9,0,2
12.1,0.94,51.0,0,2
12.0,1.57,71.2,0,2
10.3,2.31,82.6,0,2
10.5,2.48,53.5,0,2
10.0,3.95,69.1,0,3
10.0,3.2,81.0,0,3
13.5,4.95,65.6,0,3
13.1,5.65,87.1,0,3
13.3,4.98,80.6,0,3
20.4,5.01,70.0,0,3
13.1,4.86,57.5,0,3
20.5,3.0,58.3,0,3
25.9,3.11,57.5,0,3
22.4,2.37,49.8,0,3
31.1,1.94,40.4,0,3
27.2,2.12,33.0,0,3
28.2,0.54,31.8,0,3
28.1,0.5,38.7,0,3
27.5,0.5,34.2,0,3
25.1,0.5,28.4,0,3
23.3,0.5,26.9,0,3
19.3,0.5,41.7,0,3
20.2,0.5,39.7,0,3
15.7,0.5,35.3,0,3
16.2,0.79,52.9,0,3
13.3,0.75,62.3,0,3
10.0,1.85,70.6,0,3
13.0,2.29,83.6,0,3
10.0,2.87,81.4,0,4
12.8,4.08,81.0,0,4
11.2,4.4,81.7,0,4
12.1,4.72,79.2,0,4
16.4,4.23,84.7,0,4
20.6,4.81,75.6,0,4
20.5,4.11,59.3,0,4
23.1,4.05,53.4,0,4
23.9,2.85,57.4,0,4
24.1,2.7,44.7,0,4
27.3,2.09,40.4,0,4
23.2,0.5,39.3,0,4
31.3,0.74,34.5,0,4
29.8,0.5,33.1,0,4
30.4,0.5,25.8,0,4
23.0,0.5,39.6,0,4
20.9,0.5,36.9,0,4
18.6,0.5,44.2,0,4
17.9,0.5,50.3,0,4
17.5,0.5,56.3,0,4
13.7,0.5,53.8,0,4
12.5,1.54,56.9,0,4
11.5,1.79,82.7,0,4
14.5,2.18,64.1,0,4
10.2,2.75,73.6,0,5
12.4,3.62,83.9,0,5
14.2,4.21,76.0,0,5
13.0,5.23,93.5,0,5
16.7,4.36,77.5,0,5
17.7,5.13,70.5,0,5
18.8,5.43,69.7,0,5
19.1,5.15,61.8,0,5
24.8,2.84,54.0,0,5
28.1,3.33,46.0,0,5
25.5,1.84,53.8,0,5
24.8,1.2,44.1,0,5
30.0,1.35,34.9,0,5
28.8,0.5,40.1,0,5
24.2,0.5,20.0,0,5
23.3,0.5,35.7,0,5
25.1,0.5,33.8,0,5
18.7,0.5,33.4,0,5
19.1,0.5,26.1,0,5
19.5,0.5,42.3,0,5
17.1,0.74,47.8,0,5
11.4,0.75,66.3,0,5
13.7,1.71,67.4,0,5
10.0,3.2,78.6,0,5
10.3,4.5,70.3,1,6
10.7,3.82,82.8,1,6
11.7,4.38,67.6,1,6
17.2,5.01,83.8,1,6
18.5,3.8,71.7,1,6
15.9,4.71,68.5,1,6
17.8,5.2,62.0,1,6
23.6,3.33,58.2,1,6
24.6,3.07,67.6,1,6
25.4,3.24,58.9,1,6
26.3,2.49,49.1,1,6
26.2,1.04,35.1,1,6
27.1,0.5,34.2,1,6
27.8,0.5,33.9,1,6
24.0,0.5,33.0,1,6
21.9,0.5,32.5,1,6
23.5,0.5,36.4,1,6
19.1,0.5,40.5,1,6
17.1,0.5,35.2,1,6
21.1,0.5,49.8,1,6
17.3,1.4,51.9,1,6
11.6,1.16,72.7,1,6
11.7,1.65,77.3,1,6
10.2,2.26,68.9,1,6
11.3,4.29,71.8,1,7
12.0,3.95,80.0,1,7
10.8,3.92,95.0,1,7
10.2,4.73,78.3,1,7
15.9,4.31,78.9,1,7
16.8,4.27,69.3,1,7
21.9,3.82,66.2,1,7
22.2,4.79,53.3,1,7
23.7,2.99,51.8,1,7
22.7,2.4,52.0,1,7
27.2,1.94,25.2,1,7
25.0,0.92,49.7,1,7
26.1,0.5,32.8,1,7
24.1,0.5,36.0,1,7
23.6,0.5,31.6,1,7
27.7,0.5,28.5,1,7
26.5,0.5,35.4,1,7
21.6,0.5,47.9,1,7
18.8,0.5,47.2,1,7
19.5,0.5,56.8,1,7
15.1,0.5,58.0,1,7
12.3,1.28,57.7,1,7
10.0,1.46,59.8,1,7
14.4,2.67,62.1,1,7
10.0,3.21,80.3,1,1
10.0,4.5,84.7,1,1
14.9,4.91,74.6,1,1
15.4,4.74,76.1,1,1
17.6,5.35,75.6,1,1
16.5,4.82,71.6,1,1
18.7,5.78,74.1,1,1
22.5,4.2,69.8,1,1
24.1,3.57,57.2,1,1
23.5,2.18,38.8,1,1
25.9,0.59,53.5,1,1
25.1,2.36,30.6,1,1
28.5,0.5,38.3,1,1
29.2,0.5,37.3,1,1
31.3,0.5,34.2,1,1
22.2,0.5,34.3,1,1
22.4,0.5,32.3,1,1
25.4,0.5,29.4,1,1
17.3,0.5,37.8,1,1
17.0,0.5,37.9,1,1
17.1,2.04,58.5,1,1
14.1,1.28,56.4,1,1
10.4,2.39,60.4,1,1
15.8,2.31,71.1,1,1
11.8,3.85,83.4,0,2
11.4,5.53,85.8,0,2
11.8,4.52,71.4,0,2
15.2,3.4,87.7,0,2
17.2,4.48,73.4,0,2
13.2,4.86,72.1,0,2
18.6,5.23,68.3,0,2
21.6,4.23,54.0,0,2
26.5,3.63,61.0,0,2
25.3,2.77,41.8,0,2
29.1,1.25,39.5,0,2
27.9,1.33,26.7,0,2
26.9,0.5,32.7,0,2
29.1,0.5,28.5,0,2
28.6,0.5,23.1,0,2
24.3,0.5,22.0,0,2
23.0,0.5,27.6,0,2
22.8,0.5,33.8,0,2
17.3,0.5,55.8,0,2
14.4,0.5,52.5,0,2
17.7,0.5,49.6,0,2
11.4,0.81,56.5,0,2
12.8,2.75,68.4,0,2
13.6,2.82,72.8,0,2
10.0,3.8,68.7,0,3
11.6,3.27,80.3,0,3
15.5,3.66,94.8,0,3
10.0,4.86,80.7,0,3
13.3,5.68,76.9,0,3
16.5,5.39,61.3,0,3
16.9,3.51,80.6,0,3
15.2,3.96,64.6,0,3
25.2,3.09,45.1,0,3
21.8,2.94,46.7,0,3
27.9,2.02,41.4,0,3
28.8,0.94,48.7,0,3
28.5,0.5,36.4,0,3
26.7,0.5,50.5,0,3
23.6,0.5,32.3,0,3
24.4,0.5,36.7,0,3
25.6,0.5,35.9,0,3
18.9,0.5,24.3,0,3
18.0,0.5,50.4,0,3
18.1,0.5,46.7,0,3
14.6,0.77,58.2,0,3
13.2,2.0,56.5,0,3
15.4,2.06,65.2,0,3
10.0,2.3,64.3,0,3
12.1,3.14,84.1,0,4
12.3,5.3,81.5,0,4
12.1,4.74,77.3,0,4
17.2,5.76,72.9,0,4
18.8,5.15,83.3,0,4
17.4,5.41,79.1,0,4
21.3,4.56,61.4,0,4
24.2,4.23,57.8,0,4
23.2,3.97,44.0,0,4
28.0,2.47,45.0,0,4
28.1,1.35,52.1,0,4
26.0,1.59,34.4,0,4
27.7,0.5,32.1,0,4
24.0,0.5,29.1,0,4
30.0,0.5,28.6,0,4
26.7,0.5,27.8,0,4
20.0,0.5,29.7,0,4
25.1,0.5,34.4,0,4
17.6,0.5,54.2,0,4
13.1,0.5,50.8,0,4
12.9,0.5,55.0,0,4
14.8,0.68,68.0,0,4
16.3,2.93,74.0,0,4
13.6,3.98,81.3,0,4
14.6,4.7,78.2,0,5
12.7,4.17,70.4,0,5
14.4,5.55,86.4,0,5
10.0,4.62,77.3,0,5
16.5,5.51,74.7,0,5
17.6,5.63,68.7,0,5
19.7,5.16,62.9,0,5
22.8,3.69,63.1,0,5
22.8,3.56,56.4,0,5
25.1,1.83,51.1,0,5
27.2,1.67,38.3,0,5
26.7,2.21,35.7,0,5
26.2,0.5,25.5,0,5
26.8,0.64,39.9,0,5
28.1,0.5,27.3,0,5
22.2,0.5,27.1,0,5
22.8,0.5,43.7,0,5
23.0,0.5,39.3,0,5
15.1,0.5,49.4,0,5
15.8,0.5,50.2,0,5
13.6,0.5,64.2,0,5
14.9,1.21,65.1,0,5
10.0,1.59,62.8,0,5
10.5,1.87,76.5,0,5
10.0,3.7,72.8,1,6
12.6,3.26,83.0,1,6
12.5,4.28,72.8,1,6
10.7,5.91,77.3,1,6
13.8,4.7,69.3,1,6
21.7,4.2,73.4,1,6
21.1,4.36,50.1,1,6
23.2,3.91,67.9,1,6
21.8,4.84,50.1,1,6
23.7,2.69,33.5,1,6
19.7,1.24,37.3,1,6
28.8,0.61,41.6,1,6
31.8,0.8,26.6,1,6
29.8,0.5,20.0,1,6
28.7,0.5,41.7,1,6
25.0,0.5,26.7,1,6
24.3,0.5,38.9,1,6
24.2,0.5,44.9,1,6
19.4,0.5,43.9,1,6
19.6,0.5,47.3,1,6
18.5,0.83,43.6,1,6
14.1,2.18,63.0,1,6
13.1,1.64,71.5,1,6
10.0,2.19,71.9,1,6
10.0,3.2,68.7,1,7
11.8,4.64,89.3,1,7
17.6,5.46,68.3,1,7
15.8,4.45,73.3,1,7
17.4,4.29,72.3,1,7
20.4,4.7,70.6,1,7
20.5,4.18,56.2,1,7
22.1,3.79,54.1,1,7
27.6,3.82,52.0,1,7
25.1,1.01,59.8,1,7
26.9,1.64,46.8,1,7
26.9,1.45,30.4,1,7
23.3,0.81,29.5,1,7
29.5,0.5,28.2,1,7
26.3,0.5,36.8,1,7
26.0,0.5,37.1,1,7
25.8,0.5,36.1,1,7
18.5,0.5,29.0,1,7
22.9,0.5,51.9,1,7
18.3,0.5,54.9,1,7
12.7,0.5,47.7,1,7
13.5,1.62,74.1,1,7
10.0,3.42,83.4,1,7
14.0,2.71,71.9,1,7
10.0,3.31,81.3,0,1
13.9,3.9,80.4,0,1
14.3,4.36,76.7,0,1
15.1,5.39,67.1,0,1
14.9,4.63,74.2,0,1
21.6,5.19,72.4,0,1
18.0,4.53,77.1,0,1
22.8,5.13,68.4,0,1
24.7,4.17,62.7,0,1
23.1,2.61,48.0,0,1
32.8,2.9,40.7,0,1
27.8,1.14,36.7,0,1
28.0,0.58,31.8,0,1
30.3,0.5,32.4,0,1
29.5,0.5,24.0,0,1
19.0,0.5,27.6,0,1
23.5,0.5,35.6,0,1
24.2,0.5,50.4,0,1
21.2,0.5,55.7,0,1
22.4,0.5,46.4,0,1
13.8,0.5,45.4,0,1
15.5,1.78,69.7,0,1
10.0,1.52,64.2,0,1
12.3,2.8,67.6,0,1
10.2,3.35,68.7,0,2
11.5,3.48,73.2,0,2
10.6,5.14,82.8,0,2
14.7,5.31,80.1,0,2
17.6,5.08,81.4,0,2
18.3,5.1,76.2,0,2
17.3,4.74,62.4,0,2
20.4,3.83,61.7,0,2
26.7,4.33,56.8,0,2
28.4,3.22,58.5,0,2
27.2,2.8,38.4,0,2
28.8,0.95,49.4,0,2
23.5,0.64,31.6,0,2
29.6,0.5,31.2,0,2
23.3,0.5,28.9,0,2
24.6,0.5,33.7,0,2
22.0,0.5,27.7,0,2
20.0,0.5,29.8,0,2
23.0,0.5,53.2,0,2
18.0,0.5,44.0,0,2
14.8,1.0,56.3,0,2
13.1,0.53,58.9,0,2
12.4,2.34,65.6,0,2
11.6,1.77,64.2,0,2
12.4,3.51,76.5,0,3
12.8,3.29,83.3,0,3
14.8,3.59,75.9,0,3
11.5,6.36,83.4,0,3
13.8,4.77,80.8,0,3
14.0,6.87,71.7,0,3
19.0,4.67,76.5,0,3
20.6,4.98,69.7,0,3
23.6,3.7,52.4,0,3
19.8,2.12,44.1,0,3
27.0,2.78,51.3,0,3
26.8,0.96,41.2,0,3
31.9,0.57,41.0,0,3
29.6,0.5,26.2,0,3
25.8,0.5,35.9,0,3
22.4,0.5,25.1,0,3
24.9,0.5,24.8,0,3
23.9,0.5,48.2,0,3
18.1,0.5,44.4,0,3
18.0,0.5,58.7,0,3
15.3,1.21,62.9,0,3
14.8,0.5,62.3,0,3
10.0,1.29,78.7,0,3
12.2,2.63,76.7,0,3
10.9,3.25,76.8,0,4
10.5,4.4,87.7,0,4
13.6,4.34,83.3,0,4
12.5,4.33,77.0,0,4
12.9,6.4,85.7,0,4
13.7,6.41,68.5,0,4
20.7,3.93,68.2,0,4
22.2,3.35,56.2,0,4
21.5,3.28,55.2,0,4
27.3,2.59,57.8,0,4
22.3,1.56,38.1,0,4
26.6,2.68,39.9,0,4
27.0,0.5,37.6,0,4
20.5,0.5,35.9,0,4
28.8,0.5,27.9,0,4
23.7,0.5,38.5,0,4
22.2,0.5,29.0,0,4
20.4,0.5,25.5,0,4
24.4,0.5,36.9,0,4
15.3,0.5,46.5,0,4
18.2,0.8,62.8,0,4
16.9,0.88,73.8,0,4
11.4,1.39,63.1,0,4
10.0,3.14,77.1,0,4
12.7,3.95,71.3,0,5
11.5,5.32,79.5,0,5
13.9,3.6,82.6,0,5
17.9,4.77,72.1,0,5
18.8,4.58,80.4,0,5
18.7,4.28,89.8,0,5
17.8,4.53,65.1,0,5
21.6,4.05,60.7,0,5
24.5,1.68,57.1,0,5
23.1,2.62,44.3,0,5
27.5,2.15,43.0,0,5
27.2,1.66,36.0,0,5
23.2,0.94,37.4,0,5
24.0,0.5,28.4,0,5
22.3,0.5,22.0,0,5
28.9,0.5,20.0,0,5
26.6,0.5,20.3,0,5
21.6,0.5,33.7,0,5
16.3,0.5,50.0,0,5
16.8,0.82,53.0,0,5
16.5,0.57,59.6,0,5
15.5,1.97,53.6,0,5
12.6,1.51,68.4,0,5
12.8,1.81,62.6,0,5
12.3,4.63,77.4,1,6
13.5,3.81,79.6,1,6
10.0,3.23,78.5,1,6
16.7,5.16,75.2,1,6
17.9,4.76,76.8,1,6
18.9,5.88,71.5,1,6
14.4,4.8,70.7,1,6
19.7,3.91,50.8,1,6
22.1,3.55,52.7,1,6
27.0,2.7,46.1,1,6
31.2,1.45,40.5,1,6
28.0,0.5,44.6,1,6
25.4,0.5,51.4,1,6
27.2,0.5,21.6,1,6
27.1,0.5,35.9,1,6
26.0,0.5,26.6,1,6
24.3,0.5,27.5,1,6
23.7,0.5,39.2,1,6
23.4,0.5,48.0,1,6
17.6,0.5,38.4,1,6
18.5,0.5,52.2,1,6
12.7,2.05,64.2,1,6
12.6,2.02,59.1,1,6
11.9,2.82,83.5,1,6
12.1,2.63,69.9,1,7
10.0,4.24,69.3,1,7
10.0,4.43,62.3,1,7
15.5,4.94,85.4,1,7
14.3,4.13,73.8,1,7
14.7,4.85,78.5,1,7
22.3,3.47,65.2,1,7
23.0,4.1,58.9,1,7
22.1,4.01,55.1,1,7
26.7,2.9,44.4,1,7
28.7,2.29,34.6,1,7
28.3,0.52,36.5,1,7
27.0,0.5,45.5,1,7
27.1,0.5,42.6,1,7
28.9,0.5,37.5,1,7
24.9,0.5,21.3,1,7
22.2,0.5,29.1,1,7
22.4,0.5,40.8,1,7
20.2,0.5,35.2,1,7
21.3,0.5,57.3,1,7
15.4,0.5,65.9,1,7
16.7,0.5,65.6,1,7
11.9,2.4,69.1,1,7
13.4,2.87,61.2,1,7
12.2,3.78,68.5,0,1
10.5,3.92,82.6,0,1
11.9,4.4,85.0,0,1
10.5,4.41,85.8,0,1
12.9,5.54,72.4,0,1
17.5,4.58,86.4,0,1
17.7,4.37,70.5,0,1
20.8,3.43,53.7,0,1
21.9,4.14,60.7,0,1
21.4,3.48,40.7,0,1
24.5,1.6,43.7,0,1
23.9,2.16,42.0,0,1
24.2,2.01,35.9,0,1
23.1,0.5,24.8,0,1
23.7,0.5,20.2,0,1
21.1,0.5,24.5,0,1
22.1,0.5,36.9,0,1
18.8,0.5,49.1,0,1
18.5,0.5,46.6,0,1
15.2,0.5,57.1,0,1
12.8,0.5,55.4,0,1
11.7,1.79,64.6,0,1
